day_utc,signals,signals_taken,trades_closed,wins,losses,realized_pnl_usd,end_equity,real_equity,events
2023-10-10,16.0,2.0,2.0,2.0,0.0,3.7060210626305152,13.706021062630516,,
2023-10-11,16.0,1.0,1.0,0.0,1.0,-0.9905735087232247,12.71544755390729,,
2023-10-12,6.0,0.0,0.0,0.0,0.0,0.0,12.71544755390729,,
2023-10-13,15.0,2.0,2.0,1.0,1.0,1.129053297745486,13.844500851652777,,
2023-10-15,1.0,0.0,0.0,0.0,0.0,0.0,13.844500851652777,,
2023-10-16,9.0,2.0,2.0,0.0,2.0,-1.8404595823700018,12.004041269282775,,
2023-10-17,21.0,2.0,2.0,1.0,1.0,0.9876788713962802,12.991720140679055,,
2023-10-18,14.0,2.0,2.0,0.0,2.0,-1.7149405093130896,11.276779631365965,,
2023-10-19,19.0,0.0,0.0,0.0,0.0,0.0,11.276779631365965,,
2023-10-20,15.0,1.0,1.0,1.0,0.0,1.4437729909726469,12.720552622338612,,
2023-10-22,4.0,0.0,0.0,0.0,0.0,0.0,12.720552622338612,,
2023-10-23,11.0,1.0,1.0,1.0,0.0,1.5086640239954094,14.229216646334022,,
2023-10-24,15.0,1.0,1.0,0.0,1.0,-0.7703832331269477,13.458833413207074,,
2023-10-25,13.0,0.0,0.0,0.0,0.0,0.0,13.458833413207074,,
2023-10-26,12.0,1.0,1.0,1.0,0.0,1.691175310527315,15.15000872373439,,
2023-10-27,10.0,2.0,2.0,0.0,2.0,-1.633864648584504,13.516144075149885,,
2023-10-30,15.0,0.0,0.0,0.0,0.0,0.0,13.516144075149885,,
2023-10-31,9.0,0.0,0.0,0.0,0.0,0.0,13.516144075149885,,
2023-11-01,10.0,1.0,1.0,0.0,1.0,-0.971573902786904,12.544570172362981,,
2023-11-02,15.0,1.0,1.0,1.0,0.0,1.8402558846191128,14.384826056982094,,
2023-11-03,10.0,2.0,2.0,1.0,1.0,0.8513697024314925,15.236195759413587,,
2023-11-05,2.0,0.0,0.0,0.0,0.0,0.0,15.236195759413587,,
2023-11-06,10.0,1.0,1.0,0.0,1.0,-0.854904003790624,14.381291755622962,,
2023-11-07,7.0,0.0,0.0,0.0,0.0,0.0,14.381291755622962,,
2023-11-08,17.0,1.0,1.0,0.0,1.0,-0.8419277405928848,13.539364015030078,,
2023-11-09,11.0,2.0,2.0,1.0,1.0,1.4279885687906724,14.96735258382075,,
2023-11-10,13.0,3.0,3.0,0.0,3.0,-2.0986052184395194,12.86874736538123,,
2023-11-13,17.0,3.0,3.0,0.0,3.0,-1.999693752637199,10.869053612744032,,
2023-11-14,10.0,3.0,3.0,2.0,1.0,1.4762525296887483,12.34530614243278,,
2023-11-15,15.0,1.0,1.0,0.0,1.0,-0.9618526896655321,11.383453452767249,,
2023-11-16,13.0,3.0,3.0,2.0,1.0,2.2887781350255927,13.67223158779284,,
2023-11-17,17.0,1.0,1.0,0.0,1.0,-0.9653399312530285,12.706891656539812,,
2023-11-20,21.0,3.0,3.0,0.0,3.0,-2.7270119396822774,9.979879716857535,,
2023-11-21,17.0,3.0,3.0,0.0,3.0,-2.428146208993231,7.551733507864304,,
2023-11-22,18.0,0.0,0.0,0.0,0.0,0.0,7.551733507864304,,
2023-11-23,13.0,0.0,0.0,0.0,0.0,0.0,7.551733507864304,,
2023-11-24,14.0,3.0,3.0,1.0,2.0,0.5154881474229709,8.067221655287275,,
2023-11-26,4.0,0.0,0.0,0.0,0.0,0.0,8.067221655287275,,
2023-11-27,18.0,1.0,1.0,0.0,1.0,-0.8797575747145902,7.187464080572685,,
2023-11-28,22.0,1.0,1.0,1.0,0.0,1.39943558288369,8.586899663456375,,
2023-11-29,17.0,1.0,1.0,0.0,1.0,-1.001651977562634,7.585247685893741,,
2023-11-30,12.0,0.0,0.0,0.0,0.0,0.0,7.585247685893741,,
2023-12-01,11.0,2.0,2.0,1.0,1.0,1.1923395843673745,8.777587270261115,,
2023-12-04,19.0,2.0,2.0,1.0,1.0,0.4851936692453762,9.262780939506492,,
2023-12-05,16.0,0.0,0.0,0.0,0.0,0.0,9.262780939506492,,
2023-12-06,20.0,2.0,2.0,0.0,2.0,-1.8086122994629414,7.45416864004355,,
2023-12-07,21.0,1.0,1.0,0.0,1.0,-0.947229974624486,6.506938665419064,,
2023-12-08,24.0,3.0,3.0,0.0,3.0,-2.2977289475816227,4.209209717837441,,
2023-12-10,1.0,0.0,0.0,0.0,0.0,0.0,4.209209717837441,,
2023-12-11,17.0,3.0,3.0,1.0,2.0,-0.48261276223726657,3.726596955600174,,
2023-12-12,13.0,0.0,0.0,0.0,0.0,0.0,3.726596955600174,,
2023-12-13,19.0,3.0,3.0,0.0,3.0,-2.0651661833956942,1.6614307722044792,,
2023-12-14,17.0,1.0,1.0,0.0,1.0,-0.8809978366484116,0.7804329355560675,,
2023-12-15,7.0,1.0,1.0,0.0,1.0,-0.8346011732658364,-0.054168237709768974,,
2023-12-18,22.0,1.0,1.0,0.0,1.0,-0.8605201890163893,-0.9146884267261584,,
2023-12-19,21.0,2.0,2.0,1.0,1.0,0.9298538624487039,0.015165435722545695,,
2023-12-20,12.0,2.0,2.0,0.0,2.0,-1.4422324193466005,-1.427066983624055,,
2023-12-21,17.0,3.0,3.0,0.0,3.0,-2.2005598046663795,-3.627626788290435,,
2023-12-22,18.0,1.0,1.0,1.0,0.0,1.307763596113842,-2.3198631921765926,,
2023-12-24,1.0,0.0,0.0,0.0,0.0,0.0,-2.3198631921765926,,
2023-12-25,2.0,0.0,0.0,0.0,0.0,0.0,-2.3198631921765926,,
2023-12-26,11.0,3.0,3.0,1.0,2.0,0.26568451667197124,-2.0541786755046214,,
2023-12-27,15.0,3.0,3.0,2.0,1.0,2.479123405302319,0.4249447297976978,,
2023-12-28,11.0,2.0,2.0,1.0,1.0,1.0533497276945525,1.4782944574922503,,
2023-12-29,14.0,2.0,2.0,0.0,2.0,-1.570233008901578,-0.09193855140932783,,
2024-01-01,2.0,0.0,0.0,0.0,0.0,0.0,-0.09193855140932783,,
2024-01-02,8.0,2.0,2.0,0.0,2.0,-1.6439865282686925,-1.7359250796780206,,
2024-01-03,12.0,1.0,1.0,1.0,0.0,1.6449179001298828,-0.09100717954813753,,
2024-01-04,17.0,0.0,0.0,0.0,0.0,0.0,-0.09100717954813753,,
2024-01-05,14.0,1.0,1.0,0.0,1.0,-0.9374533191364164,-1.028460498684554,,
2024-01-07,3.0,0.0,0.0,0.0,0.0,0.0,-1.028460498684554,,
2024-01-08,8.0,2.0,2.0,0.0,2.0,-1.895872517985841,-2.9243330166703956,,
2024-01-09,19.0,1.0,1.0,0.0,1.0,-0.7276731158583071,-3.6520061325287028,,
2024-01-10,16.0,2.0,2.0,0.0,2.0,-1.808574863777057,-5.46058099630576,,
2024-01-11,15.0,2.0,2.0,0.0,2.0,-1.4996917988512324,-6.9602727951569925,,
2024-01-12,13.0,2.0,2.0,0.0,2.0,-1.8246581242165048,-8.784930919373497,,
2024-01-15,16.0,2.0,2.0,1.0,1.0,0.8711157280427705,-7.913815191330727,,
2024-01-16,18.0,2.0,2.0,1.0,1.0,0.9526291894623727,-6.961186001868356,,
2024-01-17,21.0,1.0,1.0,0.0,1.0,-0.9945819299823632,-7.955767931850719,,
2024-01-18,18.0,1.0,1.0,1.0,0.0,1.5530261612635152,-6.402741770587205,,
2024-01-19,15.0,3.0,3.0,0.0,3.0,-2.343419141521252,-8.746160912108458,,
2024-01-21,3.0,0.0,0.0,0.0,0.0,0.0,-8.746160912108458,,
2024-01-22,16.0,1.0,1.0,0.0,1.0,-0.876434189494013,-9.622595101602471,,
2024-01-23,4.0,1.0,1.0,0.0,1.0,-0.8078599592826751,-10.430455060885144,,
2024-01-24,7.0,0.0,0.0,0.0,0.0,0.0,-10.430455060885144,,
2024-01-25,11.0,1.0,1.0,0.0,1.0,-0.7007169467789786,-11.131172007664123,,
2024-01-26,18.0,0.0,0.0,0.0,0.0,0.0,-11.131172007664123,,
2024-01-29,17.0,3.0,3.0,2.0,1.0,2.704774128106546,-8.426397879557577,,
2024-01-30,18.0,2.0,2.0,0.0,2.0,-1.677295495080777,-10.103693374638354,,
2024-01-31,8.0,2.0,2.0,0.0,2.0,-1.5524655712217947,-11.656158945860149,,
2024-02-01,8.0,0.0,0.0,0.0,0.0,0.0,-11.656158945860149,,
2024-02-02,19.0,3.0,3.0,1.0,2.0,0.00982255247383712,-11.646336393386314,,
2024-02-05,17.0,2.0,2.0,1.0,1.0,1.041079874849915,-10.6052565185364,,
2024-02-06,10.0,2.0,2.0,1.0,1.0,0.5046171245852714,-10.10063939395113,,
2024-02-07,23.0,0.0,0.0,0.0,0.0,0.0,-10.10063939395113,,
2024-02-08,12.0,0.0,0.0,0.0,0.0,0.0,-10.10063939395113,,
2024-02-09,21.0,0.0,0.0,0.0,0.0,0.0,-10.10063939395113,,
2024-02-11,3.0,0.0,0.0,0.0,0.0,0.0,-10.10063939395113,,
2024-02-12,13.0,0.0,0.0,0.0,0.0,0.0,-10.10063939395113,,
2024-02-13,13.0,0.0,0.0,0.0,0.0,0.0,-10.10063939395113,,
2024-02-14,17.0,0.0,0.0,0.0,0.0,0.0,-10.10063939395113,,
2024-02-15,16.0,0.0,0.0,0.0,0.0,0.0,-10.10063939395113,,
2024-02-16,15.0,0.0,0.0,0.0,0.0,0.0,-10.10063939395113,,
2024-02-18,2.0,0.0,0.0,0.0,0.0,0.0,-10.10063939395113,,
2024-02-19,12.0,0.0,0.0,0.0,0.0,0.0,-10.10063939395113,,
2024-02-20,12.0,0.0,0.0,0.0,0.0,0.0,-10.10063939395113,,
2024-02-21,16.0,0.0,0.0,0.0,0.0,0.0,-10.10063939395113,,
2024-02-22,14.0,0.0,0.0,0.0,0.0,0.0,-10.10063939395113,,
2024-02-23,20.0,0.0,0.0,0.0,0.0,0.0,-10.10063939395113,,
2024-02-25,1.0,0.0,0.0,0.0,0.0,0.0,-10.10063939395113,,
2024-02-26,12.0,1.0,1.0,0.0,1.0,-0.9113879501450038,-11.012027344096133,,
2024-02-27,19.0,0.0,0.0,0.0,0.0,0.0,-11.012027344096133,,
2024-02-28,8.0,0.0,0.0,0.0,0.0,0.0,-11.012027344096133,,
2024-02-29,19.0,0.0,0.0,0.0,0.0,0.0,-11.012027344096133,,
2024-03-01,23.0,0.0,0.0,0.0,0.0,0.0,-11.012027344096133,,
2024-03-03,2.0,0.0,0.0,0.0,0.0,0.0,-11.012027344096133,,
2024-03-04,24.0,0.0,0.0,0.0,0.0,0.0,-11.012027344096133,,
2024-03-05,19.0,0.0,0.0,0.0,0.0,0.0,-11.012027344096133,,
2024-03-06,14.0,2.0,2.0,1.0,1.0,0.8766198943710445,-10.13540744972509,,
2024-03-07,14.0,3.0,3.0,0.0,3.0,-1.9449791825880687,-12.080386632313157,,
2024-03-08,14.0,1.0,1.0,0.0,1.0,-0.7696318960512815,-12.850018528364437,,
2024-03-10,3.0,0.0,0.0,0.0,0.0,0.0,-12.850018528364437,,
2024-03-11,27.0,2.0,2.0,0.0,2.0,-1.3829483278811059,-14.232966856245543,,
2024-03-12,12.0,3.0,3.0,0.0,3.0,-2.1270994789823745,-16.360066335227916,,
2024-03-13,21.0,3.0,3.0,1.0,2.0,0.17238517056816782,-16.18768116465975,,
2024-03-14,11.0,2.0,2.0,0.0,2.0,-1.143350612595517,-17.331031777255266,,
2024-03-15,13.0,3.0,3.0,0.0,3.0,-2.261866837365067,-19.59289861462033,,
2024-03-17,3.0,0.0,0.0,0.0,0.0,0.0,-19.59289861462033,,
2024-03-18,13.0,1.0,1.0,1.0,0.0,1.1639116007411408,-18.42898701387919,,
2024-03-19,11.0,1.0,1.0,0.0,1.0,-0.7875993509849354,-19.216586364864124,,
2024-03-20,5.0,2.0,2.0,1.0,1.0,0.331660859755889,-18.884925505108235,,
2024-03-21,6.0,0.0,0.0,0.0,0.0,0.0,-18.884925505108235,,
2024-03-22,11.0,3.0,2.0,0.0,2.0,-1.6052262117878244,-20.490151716896058,,
2024-03-24,4.0,0.0,0.0,0.0,0.0,0.0,-20.490151716896058,,
2024-03-25,11.0,0.0,1.0,0.0,1.0,-0.9116645825220092,-21.401816299418066,,
2024-03-26,15.0,2.0,2.0,1.0,1.0,0.34887954566187307,-21.052936753756192,,
2024-03-27,19.0,3.0,3.0,1.0,2.0,0.05781100673885042,-20.99512574701734,,
2024-03-28,17.0,1.0,0.0,0.0,0.0,0.0,-20.99512574701734,,
2024-03-29,9.0,2.0,3.0,1.0,2.0,1.0221648134962624,-19.97296093352108,,
2024-03-31,2.0,0.0,0.0,0.0,0.0,0.0,-19.97296093352108,,
2024-04-01,21.0,2.0,2.0,1.0,1.0,0.5073407393667572,-19.465620194154322,,
2024-04-02,16.0,1.0,1.0,0.0,1.0,-0.75540485493919,-20.221025049093512,,
2024-04-03,16.0,3.0,3.0,2.0,1.0,2.1361103470050042,-18.084914702088508,,
2024-04-04,10.0,2.0,2.0,2.0,0.0,2.4439235297670776,-15.640991172321431,,
2024-04-05,15.0,2.0,2.0,1.0,1.0,0.4117202540090402,-15.229270918312391,,
2024-04-07,1.0,0.0,0.0,0.0,0.0,0.0,-15.229270918312391,,
2024-04-08,14.0,3.0,3.0,1.0,2.0,0.14796639518577237,-15.081304523126619,,
2024-04-09,20.0,2.0,2.0,2.0,0.0,2.342014716249174,-12.739289806877444,,
2024-04-10,11.0,2.0,2.0,1.0,1.0,0.13851008378051866,-12.600779723096927,,
2024-04-11,21.0,0.0,0.0,0.0,0.0,0.0,-12.600779723096927,,
2024-04-12,17.0,0.0,0.0,0.0,0.0,0.0,-12.600779723096927,,
2024-04-14,1.0,0.0,0.0,0.0,0.0,0.0,-12.600779723096927,,
2024-04-15,12.0,3.0,3.0,1.0,2.0,-0.1584863204540098,-12.759266043550937,,
2024-04-16,12.0,1.0,1.0,0.0,1.0,-0.8851055262941719,-13.64437156984511,,
2024-04-17,13.0,0.0,0.0,0.0,0.0,0.0,-13.64437156984511,,
2024-04-18,10.0,2.0,2.0,0.0,2.0,-1.4013204760068285,-15.045692045851936,,
2024-04-19,10.0,0.0,0.0,0.0,0.0,0.0,-15.045692045851936,,
2024-04-21,2.0,0.0,0.0,0.0,0.0,0.0,-15.045692045851936,,
2024-04-22,15.0,2.0,2.0,0.0,2.0,-1.3496652609534807,-16.395357306805415,,
2024-04-23,15.0,0.0,0.0,0.0,0.0,0.0,-16.395357306805415,,
2024-04-24,14.0,1.0,0.0,0.0,0.0,0.0,-16.395357306805415,,
2024-04-25,13.0,1.0,2.0,1.0,1.0,1.126138014121425,-15.269219292683992,,
2024-04-26,10.0,1.0,1.0,0.0,1.0,-0.7651942833686308,-16.03441357605262,,
2024-04-29,18.0,0.0,0.0,0.0,0.0,0.0,-16.03441357605262,,
2024-04-30,5.0,0.0,0.0,0.0,0.0,0.0,-16.03441357605262,,
2024-05-01,6.0,1.0,1.0,0.0,1.0,-0.8329354153386869,-16.867348991391307,,
2024-05-02,17.0,1.0,1.0,0.0,1.0,-0.8949919881631184,-17.762340979554423,,
2024-05-03,19.0,1.0,1.0,1.0,0.0,1.2352652412150886,-16.527075738339335,,
2024-05-05,1.0,0.0,0.0,0.0,0.0,0.0,-16.527075738339335,,
2024-05-06,16.0,3.0,3.0,1.0,2.0,0.12825052755083277,-16.3988252107885,,
2024-05-07,17.0,3.0,3.0,1.0,2.0,-0.08290311905967407,-16.481728329848174,,
2024-05-08,20.0,3.0,2.0,0.0,2.0,-1.125776202386852,-17.607504532235026,,
2024-05-09,8.0,1.0,2.0,1.0,1.0,0.851194482995865,-16.75631004923916,,
2024-05-10,17.0,3.0,3.0,0.0,3.0,-1.683813428020819,-18.44012347725998,,
2024-05-12,4.0,0.0,0.0,0.0,0.0,0.0,-18.44012347725998,,
2024-05-13,14.0,3.0,3.0,1.0,2.0,-0.12838636670742254,-18.568509843967405,,
2024-05-14,13.0,2.0,2.0,1.0,1.0,1.3908547408592042,-17.1776551031082,,
2024-05-15,11.0,3.0,3.0,1.0,2.0,0.17529119655734782,-17.002363906550855,,
2024-05-16,11.0,1.0,1.0,0.0,1.0,-0.8338821676585616,-17.836246074209416,,
2024-05-17,5.0,1.0,1.0,0.0,1.0,-0.4965266760765807,-18.332772750285997,,
2024-05-19,2.0,0.0,0.0,0.0,0.0,0.0,-18.332772750285997,,
2024-05-20,15.0,2.0,2.0,0.0,2.0,-1.3941628421920702,-19.726935592478068,,
2024-05-21,16.0,2.0,1.0,0.0,1.0,-0.6317191674110044,-20.35865475988907,,
2024-05-22,16.0,2.0,3.0,1.0,2.0,0.2680521537239411,-20.090602606165127,,
2024-05-23,12.0,1.0,1.0,0.0,1.0,-0.616364265043634,-20.70696687120876,,
2024-05-24,9.0,0.0,0.0,0.0,0.0,0.0,-20.70696687120876,,
2024-05-26,2.0,0.0,0.0,0.0,0.0,0.0,-20.70696687120876,,
2024-05-27,24.0,1.0,1.0,1.0,0.0,0.9251490567541153,-19.781817814454644,,
2024-05-28,10.0,3.0,3.0,1.0,2.0,-0.24883262022457064,-20.030650434679217,,
2024-05-29,9.0,1.0,1.0,0.0,1.0,-0.7220750479426384,-20.752725482621855,,
2024-05-30,7.0,0.0,0.0,0.0,0.0,0.0,-20.752725482621855,,
2024-05-31,4.0,0.0,0.0,0.0,0.0,0.0,-20.752725482621855,,
2024-06-02,3.0,0.0,0.0,0.0,0.0,0.0,-20.752725482621855,,
2024-06-03,9.0,1.0,1.0,1.0,0.0,1.5657432471496422,-19.186982235472215,,
2024-06-04,17.0,0.0,0.0,0.0,0.0,0.0,-19.186982235472215,,
2024-06-05,6.0,0.0,0.0,0.0,0.0,0.0,-19.186982235472215,,
2024-06-06,9.0,0.0,0.0,0.0,0.0,0.0,-19.186982235472215,,
2024-06-07,13.0,1.0,1.0,0.0,1.0,-0.6589967994687916,-19.845979034941006,,
2024-06-10,8.0,3.0,3.0,1.0,2.0,0.04252033238594244,-19.803458702555062,,
2024-06-11,10.0,0.0,0.0,0.0,0.0,0.0,-19.803458702555062,,
2024-06-12,8.0,0.0,0.0,0.0,0.0,0.0,-19.803458702555062,,
2024-06-13,9.0,2.0,2.0,0.0,2.0,-1.3813533405413467,-21.184812043096407,,
2024-06-14,8.0,0.0,0.0,0.0,0.0,0.0,-21.184812043096407,,
2024-06-16,2.0,0.0,0.0,0.0,0.0,0.0,-21.184812043096407,,
2024-06-17,13.0,2.0,2.0,0.0,2.0,-1.7274828906126414,-22.91229493370905,,
2024-06-18,12.0,0.0,0.0,0.0,0.0,0.0,-22.91229493370905,,
2024-06-19,24.0,2.0,2.0,1.0,1.0,0.5129220157826796,-22.39937291792637,,
2024-06-20,14.0,1.0,1.0,1.0,0.0,1.5250224324756532,-20.87435048545072,,
2024-06-21,12.0,0.0,0.0,0.0,0.0,0.0,-20.87435048545072,,
2024-06-23,2.0,0.0,0.0,0.0,0.0,0.0,-20.87435048545072,,
2024-06-24,9.0,0.0,0.0,0.0,0.0,0.0,-20.87435048545072,,
2024-06-25,14.0,1.0,1.0,0.0,1.0,-0.876010004888128,-21.750360490338846,,
2024-06-26,21.0,2.0,2.0,2.0,0.0,2.8792412624034642,-18.87111922793538,,
2024-06-27,14.0,1.0,1.0,0.0,1.0,-0.7745535961765081,-19.645672824111887,,
2024-06-28,9.0,2.0,2.0,0.0,2.0,-1.6076967031282139,-21.2533695272401,,
2024-07-01,13.0,1.0,1.0,0.0,1.0,-0.9596117182077978,-22.2129812454479,,
2024-07-02,3.0,0.0,0.0,0.0,0.0,0.0,-22.2129812454479,,
2024-07-03,18.0,2.0,2.0,2.0,0.0,2.2791896905367532,-19.933791554911146,,
2024-07-04,14.0,1.0,1.0,1.0,0.0,1.208438214639118,-18.72535334027203,,
2024-07-05,16.0,3.0,3.0,0.0,3.0,-2.0639945774520996,-20.78934791772413,,
2024-07-08,16.0,2.0,2.0,1.0,1.0,0.7224515476595971,-20.066896370064534,,
2024-07-09,18.0,2.0,1.0,0.0,1.0,-0.5576666255715511,-20.624562995636083,,
2024-07-10,18.0,3.0,4.0,0.0,4.0,-2.589820412930654,-23.21438340856674,,
2024-07-11,17.0,1.0,1.0,1.0,0.0,0.8011514345516167,-22.413231974015126,,
2024-07-12,11.0,2.0,2.0,2.0,0.0,2.650922930229837,-19.76230904378529,,
2024-07-15,10.0,2.0,2.0,1.0,1.0,0.391958977463691,-19.3703500663216,,
2024-07-16,9.0,1.0,1.0,1.0,0.0,0.925962703510974,-18.444387362810627,,
2024-07-17,14.0,1.0,1.0,1.0,0.0,1.1519410329814403,-17.292446329829186,,
2024-07-18,5.0,3.0,3.0,0.0,3.0,-1.6530563044123698,-18.945502634241556,,
2024-07-19,20.0,3.0,3.0,0.0,3.0,-1.6331891406773378,-20.578691774918894,,
2024-07-22,21.0,3.0,3.0,0.0,3.0,-2.047529398563563,-22.626221173482456,,
2024-07-23,17.0,2.0,1.0,1.0,0.0,0.8815377512303434,-21.744683422252113,,
2024-07-24,14.0,1.0,2.0,1.0,1.0,0.9258825261166946,-20.818800896135418,,
2024-07-25,19.0,0.0,0.0,0.0,0.0,0.0,-20.818800896135418,,
2024-07-26,13.0,2.0,2.0,1.0,1.0,0.4797840004191477,-20.33901689571627,,
2024-07-28,2.0,0.0,0.0,0.0,0.0,0.0,-20.33901689571627,,
2024-07-29,17.0,0.0,0.0,0.0,0.0,0.0,-20.33901689571627,,
2024-07-30,10.0,2.0,2.0,1.0,1.0,0.6467975540445091,-19.692219341671763,,
2024-07-31,10.0,2.0,2.0,0.0,2.0,-1.6438183231155532,-21.336037664787316,,
2024-08-01,19.0,0.0,0.0,0.0,0.0,0.0,-21.336037664787316,,
2024-08-02,7.0,1.0,1.0,0.0,1.0,-0.677850441885841,-22.013888106673157,,
2024-08-04,1.0,0.0,0.0,0.0,0.0,0.0,-22.013888106673157,,
2024-08-05,17.0,0.0,0.0,0.0,0.0,0.0,-22.013888106673157,,
2024-08-06,17.0,0.0,0.0,0.0,0.0,0.0,-22.013888106673157,,
2024-08-07,11.0,3.0,3.0,0.0,3.0,-2.5977920713009524,-24.611680177974108,,
2024-08-08,19.0,2.0,2.0,0.0,2.0,-1.6506765000698918,-26.262356678044,,
2024-08-09,21.0,3.0,2.0,0.0,2.0,-1.1522815460116573,-27.414638224055658,,
2024-08-11,3.0,0.0,0.0,0.0,0.0,0.0,-27.414638224055658,,
2024-08-12,23.0,3.0,4.0,0.0,4.0,-2.6541308912844115,-30.068769115340068,,
2024-08-13,7.0,2.0,2.0,2.0,0.0,2.954073444957794,-27.114695670382275,,
2024-08-14,7.0,1.0,1.0,1.0,0.0,1.0019674748438232,-26.112728195538452,,
2024-08-15,24.0,3.0,3.0,0.0,3.0,-1.541373577470084,-27.654101773008534,,
2024-08-16,7.0,3.0,3.0,1.0,2.0,0.5389671656175208,-27.115134607391013,,
2024-08-19,6.0,3.0,3.0,1.0,2.0,0.1378133145339966,-26.977321292857013,,
2024-08-20,14.0,2.0,2.0,0.0,2.0,-1.4795838180536867,-28.456905110910697,,
2024-08-21,19.0,3.0,3.0,0.0,3.0,-2.0239598349243155,-30.48086494583501,,
2024-08-22,11.0,1.0,1.0,0.0,1.0,-0.9564092097795739,-31.43727415561458,,
2024-08-23,8.0,3.0,3.0,0.0,3.0,-1.8903073008837974,-33.32758145649838,,
2024-08-25,3.0,0.0,0.0,0.0,0.0,0.0,-33.32758145649838,,
2024-08-26,14.0,0.0,0.0,0.0,0.0,0.0,-33.32758145649838,,
2024-08-27,22.0,3.0,3.0,0.0,3.0,-1.9550498079523577,-35.282631264450735,,
2024-08-28,8.0,0.0,0.0,0.0,0.0,0.0,-35.282631264450735,,
2024-08-29,12.0,1.0,1.0,1.0,0.0,1.080478266426432,-34.2021529980243,,
2024-08-30,17.0,0.0,0.0,0.0,0.0,0.0,-34.2021529980243,,
2024-09-02,15.0,1.0,1.0,0.0,1.0,-0.7898779184423165,-34.99203091646662,,
2024-09-03,15.0,1.0,1.0,1.0,0.0,1.3358525010864761,-33.65617841538014,,
2024-09-04,16.0,3.0,3.0,0.0,3.0,-2.0920106653785626,-35.7481890807587,,
2024-09-05,17.0,3.0,3.0,2.0,1.0,2.2518846717016756,-33.496304409057025,,
2024-09-06,19.0,3.0,3.0,0.0,3.0,-1.5682651389727906,-35.064569548029816,,
2024-09-08,1.0,0.0,0.0,0.0,0.0,0.0,-35.064569548029816,,
2024-09-09,14.0,0.0,0.0,0.0,0.0,0.0,-35.064569548029816,,
2024-09-10,22.0,3.0,3.0,1.0,2.0,-0.21599270153216388,-35.28056224956198,,
2024-09-11,15.0,2.0,2.0,1.0,1.0,0.7752396240614522,-34.50532262550053,,
2024-09-12,9.0,3.0,3.0,0.0,3.0,-1.846652954633487,-36.35197558013402,,
2024-09-13,12.0,1.0,1.0,1.0,0.0,1.2434696222853867,-35.10850595784863,,
2024-09-15,2.0,0.0,0.0,0.0,0.0,0.0,-35.10850595784863,,
2024-09-16,14.0,1.0,1.0,0.0,1.0,-0.9033511958116412,-36.011857153660266,,
2024-09-17,18.0,1.0,1.0,0.0,1.0,-0.7468823221630226,-36.75873947582329,,
2024-09-18,10.0,2.0,2.0,1.0,1.0,0.3822188754638577,-36.376520600359434,,
2024-09-19,2.0,0.0,0.0,0.0,0.0,0.0,-36.376520600359434,,
2024-09-20,19.0,0.0,0.0,0.0,0.0,0.0,-36.376520600359434,,
2024-09-22,5.0,0.0,0.0,0.0,0.0,0.0,-36.376520600359434,,
2024-09-23,13.0,0.0,0.0,0.0,0.0,0.0,-36.376520600359434,,
2024-09-24,8.0,0.0,0.0,0.0,0.0,0.0,-36.376520600359434,,
2024-09-25,8.0,2.0,2.0,1.0,1.0,0.9111824686021118,-35.46533813175732,,
2024-09-26,11.0,1.0,1.0,0.0,1.0,-0.8713689737571694,-36.33670710551449,,
2024-09-27,12.0,0.0,0.0,0.0,0.0,0.0,-36.33670710551449,,
2024-09-29,2.0,0.0,0.0,0.0,0.0,0.0,-36.33670710551449,,
2024-09-30,13.0,0.0,0.0,0.0,0.0,0.0,-36.33670710551449,,
2024-10-01,14.0,0.0,0.0,0.0,0.0,0.0,-36.33670710551449,,
2024-10-02,17.0,0.0,0.0,0.0,0.0,0.0,-36.33670710551449,,
2024-10-03,15.0,0.0,0.0,0.0,0.0,0.0,-36.33670710551449,,
2024-10-04,14.0,0.0,0.0,0.0,0.0,0.0,-36.33670710551449,,
2024-10-06,5.0,0.0,0.0,0.0,0.0,0.0,-36.33670710551449,,
2024-10-07,21.0,1.0,1.0,0.0,1.0,-0.6524865716168725,-36.98919367713136,,
2024-10-08,20.0,1.0,0.0,0.0,0.0,0.0,-36.98919367713136,,
2024-10-09,16.0,1.0,2.0,2.0,0.0,3.2563216317864625,-33.7328720453449,,
2024-10-10,19.0,0.0,0.0,0.0,0.0,0.0,-33.7328720453449,,
2024-10-11,13.0,0.0,0.0,0.0,0.0,0.0,-33.7328720453449,,
2024-10-14,16.0,0.0,0.0,0.0,0.0,0.0,-33.7328720453449,,
2024-10-15,20.0,0.0,0.0,0.0,0.0,0.0,-33.7328720453449,,
2024-10-16,16.0,0.0,0.0,0.0,0.0,0.0,-33.7328720453449,,
2024-10-17,16.0,0.0,0.0,0.0,0.0,0.0,-33.7328720453449,,
2024-10-18,9.0,1.0,1.0,0.0,1.0,-0.7805576659269952,-34.51342971127189,,
2024-10-20,4.0,0.0,0.0,0.0,0.0,0.0,-34.51342971127189,,
2024-10-21,13.0,0.0,0.0,0.0,0.0,0.0,-34.51342971127189,,
2024-10-22,12.0,0.0,0.0,0.0,0.0,0.0,-34.51342971127189,,
2024-10-23,9.0,0.0,0.0,0.0,0.0,0.0,-34.51342971127189,,
2024-10-24,7.0,1.0,1.0,0.0,1.0,-0.9123074507968453,-35.425737162068735,,
2024-10-25,19.0,0.0,0.0,0.0,0.0,0.0,-35.425737162068735,,
2024-10-27,4.0,0.0,0.0,0.0,0.0,0.0,-35.425737162068735,,
2024-10-28,12.0,1.0,1.0,0.0,1.0,-0.8730261401326266,-36.29876330220136,,
2024-10-29,13.0,2.0,2.0,0.0,2.0,-1.2406399580322522,-37.53940326023361,,
2024-10-30,15.0,0.0,0.0,0.0,0.0,0.0,-37.53940326023361,,
2024-10-31,15.0,1.0,1.0,1.0,0.0,1.4555792865726944,-36.08382397366092,,
2024-11-01,5.0,0.0,0.0,0.0,0.0,0.0,-36.08382397366092,,
2024-11-04,10.0,2.0,2.0,1.0,1.0,0.7910548702587671,-35.29276910340215,,
2024-11-05,22.0,2.0,2.0,1.0,1.0,-0.35130181520748305,-35.644070918609636,,
2024-11-06,14.0,0.0,0.0,0.0,0.0,0.0,-35.644070918609636,,
2024-11-07,10.0,0.0,0.0,0.0,0.0,0.0,-35.644070918609636,,
2024-11-08,10.0,1.0,1.0,0.0,1.0,-0.8017045249395504,-36.44577544354919,,
2024-11-10,1.0,0.0,0.0,0.0,0.0,0.0,-36.44577544354919,,
2024-11-11,13.0,1.0,1.0,1.0,0.0,1.5787296997904485,-34.86704574375874,,
2024-11-12,13.0,0.0,0.0,0.0,0.0,0.0,-34.86704574375874,,
2024-11-13,13.0,0.0,0.0,0.0,0.0,0.0,-34.86704574375874,,
2024-11-14,11.0,0.0,0.0,0.0,0.0,0.0,-34.86704574375874,,
2024-11-15,13.0,0.0,0.0,0.0,0.0,0.0,-34.86704574375874,,
2024-11-17,1.0,0.0,0.0,0.0,0.0,0.0,-34.86704574375874,,
2024-11-18,11.0,0.0,0.0,0.0,0.0,0.0,-34.86704574375874,,
2024-11-19,17.0,0.0,0.0,0.0,0.0,0.0,-34.86704574375874,,
2024-11-20,11.0,0.0,0.0,0.0,0.0,0.0,-34.86704574375874,,
2024-11-21,16.0,2.0,2.0,1.0,1.0,0.4178559081662313,-34.449189835592506,,
2024-11-22,17.0,1.0,1.0,0.0,1.0,-0.7432279626640169,-35.19241779825652,,
2024-11-25,8.0,0.0,0.0,0.0,0.0,0.0,-35.19241779825652,,
2024-11-26,5.0,0.0,0.0,0.0,0.0,0.0,-35.19241779825652,,
2024-11-27,13.0,0.0,0.0,0.0,0.0,0.0,-35.19241779825652,,
2024-11-28,9.0,0.0,0.0,0.0,0.0,0.0,-35.19241779825652,,
2024-11-29,12.0,0.0,0.0,0.0,0.0,0.0,-35.19241779825652,,
2024-12-02,13.0,0.0,0.0,0.0,0.0,0.0,-35.19241779825652,,
2024-12-03,21.0,0.0,0.0,0.0,0.0,0.0,-35.19241779825652,,
2024-12-04,16.0,0.0,0.0,0.0,0.0,0.0,-35.19241779825652,,
2024-12-05,20.0,0.0,0.0,0.0,0.0,0.0,-35.19241779825652,,
2024-12-06,18.0,2.0,2.0,1.0,1.0,1.2212985448347702,-33.97111925342175,,
2024-12-08,5.0,0.0,0.0,0.0,0.0,0.0,-33.97111925342175,,
2024-12-09,4.0,0.0,0.0,0.0,0.0,0.0,-33.97111925342175,,
2024-12-10,9.0,1.0,1.0,1.0,0.0,1.3993903795848082,-32.57172887383694,,
2024-12-11,17.0,1.0,1.0,1.0,0.0,1.4865980511615804,-31.08513082267536,,
2024-12-12,14.0,0.0,0.0,0.0,0.0,0.0,-31.08513082267536,,
2024-12-13,18.0,1.0,1.0,0.0,1.0,-0.7487139665185437,-31.833844789193904,,
2024-12-15,2.0,0.0,0.0,0.0,0.0,0.0,-31.833844789193904,,
2024-12-16,20.0,0.0,0.0,0.0,0.0,0.0,-31.833844789193904,,
2024-12-17,10.0,0.0,0.0,0.0,0.0,0.0,-31.833844789193904,,
2024-12-18,10.0,1.0,1.0,1.0,0.0,1.6536523941521606,-30.180192395041743,,
2024-12-19,14.0,0.0,0.0,0.0,0.0,0.0,-30.180192395041743,,
2024-12-20,12.0,0.0,0.0,0.0,0.0,0.0,-30.180192395041743,,
2024-12-22,4.0,0.0,0.0,0.0,0.0,0.0,-30.180192395041743,,
2024-12-23,13.0,0.0,0.0,0.0,0.0,0.0,-30.180192395041743,,
2024-12-24,21.0,2.0,2.0,0.0,2.0,-1.251058308513908,-31.431250703555648,,
2024-12-26,23.0,3.0,3.0,0.0,3.0,-1.4912967173321687,-32.92254742088782,,
2024-12-27,17.0,0.0,0.0,0.0,0.0,0.0,-32.92254742088782,,
2024-12-29,4.0,0.0,0.0,0.0,0.0,0.0,-32.92254742088782,,
2024-12-30,13.0,1.0,1.0,0.0,1.0,-0.5293125951957299,-33.45186001608354,,
2024-12-31,18.0,0.0,0.0,0.0,0.0,0.0,-33.45186001608354,,
2025-01-01,2.0,0.0,0.0,0.0,0.0,0.0,-33.45186001608354,,
2025-01-02,11.0,0.0,0.0,0.0,0.0,0.0,-33.45186001608354,,
2025-01-03,9.0,0.0,0.0,0.0,0.0,0.0,-33.45186001608354,,
2025-01-05,1.0,0.0,0.0,0.0,0.0,0.0,-33.45186001608354,,
2025-01-06,15.0,0.0,0.0,0.0,0.0,0.0,-33.45186001608354,,
2025-01-07,2.0,0.0,0.0,0.0,0.0,0.0,-33.45186001608354,,
2025-01-08,15.0,1.0,1.0,1.0,0.0,1.3769197669193376,-32.07494024916421,,
2025-01-09,23.0,0.0,0.0,0.0,0.0,0.0,-32.07494024916421,,
2025-01-10,12.0,0.0,0.0,0.0,0.0,0.0,-32.07494024916421,,
2025-01-12,2.0,0.0,0.0,0.0,0.0,0.0,-32.07494024916421,,
2025-01-13,19.0,0.0,0.0,0.0,0.0,0.0,-32.07494024916421,,
2025-01-14,14.0,0.0,0.0,0.0,0.0,0.0,-32.07494024916421,,
2025-01-15,15.0,0.0,0.0,0.0,0.0,0.0,-32.07494024916421,,
2025-01-16,26.0,0.0,0.0,0.0,0.0,0.0,-32.07494024916421,,
2025-01-17,14.0,0.0,0.0,0.0,0.0,0.0,-32.07494024916421,,
2025-01-19,1.0,0.0,0.0,0.0,0.0,0.0,-32.07494024916421,,
2025-01-20,7.0,0.0,0.0,0.0,0.0,0.0,-32.07494024916421,,
2025-01-21,4.0,0.0,0.0,0.0,0.0,0.0,-32.07494024916421,,
2025-01-22,17.0,1.0,1.0,1.0,0.0,1.8904663040624212,-30.184473945101786,,
2025-01-23,18.0,0.0,0.0,0.0,0.0,0.0,-30.184473945101786,,
2025-01-24,8.0,0.0,0.0,0.0,0.0,0.0,-30.184473945101786,,
2025-01-27,6.0,1.0,1.0,0.0,1.0,-0.9116014794896542,-31.09607542459144,,
2025-01-28,18.0,0.0,0.0,0.0,0.0,0.0,-31.09607542459144,,
2025-01-29,8.0,2.0,2.0,1.0,1.0,0.42176991550380005,-30.674305509087638,,
2025-01-30,12.0,0.0,0.0,0.0,0.0,0.0,-30.674305509087638,,
2025-01-31,13.0,0.0,0.0,0.0,0.0,0.0,-30.674305509087638,,
2025-02-03,13.0,0.0,0.0,0.0,0.0,0.0,-30.674305509087638,,
2025-02-04,13.0,0.0,0.0,0.0,0.0,0.0,-30.674305509087638,,
2025-02-05,22.0,0.0,0.0,0.0,0.0,0.0,-30.674305509087638,,
2025-02-06,6.0,0.0,0.0,0.0,0.0,0.0,-30.674305509087638,,
2025-02-07,11.0,1.0,1.0,1.0,0.0,1.1504797963077793,-29.52382571277986,,
2025-02-10,17.0,1.0,1.0,0.0,1.0,-0.8255119374909191,-30.349337650270776,,
2025-02-11,7.0,3.0,3.0,0.0,3.0,-1.8774684294793338,-32.22680607975011,,
2025-02-12,20.0,2.0,2.0,0.0,2.0,-1.3661973545304738,-33.59300343428058,,
2025-02-13,11.0,0.0,0.0,0.0,0.0,0.0,-33.59300343428058,,
2025-02-14,6.0,0.0,0.0,0.0,0.0,0.0,-33.59300343428058,,
2025-02-17,24.0,2.0,1.0,0.0,1.0,-0.8959972983295649,-34.489000732610144,,
2025-02-18,16.0,2.0,3.0,0.0,3.0,-2.4234100516644648,-36.912410784274606,,
2025-02-19,19.0,3.0,3.0,1.0,2.0,-0.5931265745593439,-37.50553735883395,,
2025-02-20,13.0,3.0,3.0,0.0,3.0,-2.6332099209815936,-40.13874727981554,,
2025-02-21,14.0,1.0,1.0,0.0,1.0,-0.701680790661685,-40.84042807047722,,
2025-02-23,1.0,0.0,0.0,0.0,0.0,0.0,-40.84042807047722,,
2025-02-24,10.0,0.0,0.0,0.0,0.0,0.0,-40.84042807047722,,
2025-02-25,15.0,1.0,1.0,0.0,1.0,-0.6550645974090495,-41.495492667886275,,
2025-02-26,9.0,0.0,0.0,0.0,0.0,0.0,-41.495492667886275,,
2025-02-27,10.0,3.0,3.0,0.0,3.0,-2.5093595779523965,-44.00485224583867,,
2025-02-28,19.0,1.0,1.0,0.0,1.0,-0.8922924267680264,-44.89714467260669,,
2025-03-03,10.0,1.0,1.0,1.0,0.0,1.67455388893023,-43.222590783676466,,
2025-03-04,11.0,1.0,1.0,0.0,1.0,-1.0025597191587463,-44.22515050283521,,
2025-03-05,8.0,0.0,0.0,0.0,0.0,0.0,-44.22515050283521,,
2025-03-06,18.0,0.0,0.0,0.0,0.0,0.0,-44.22515050283521,,
2025-03-07,17.0,0.0,0.0,0.0,0.0,0.0,-44.22515050283521,,
2025-03-09,3.0,0.0,0.0,0.0,0.0,0.0,-44.22515050283521,,
2025-03-10,15.0,0.0,0.0,0.0,0.0,0.0,-44.22515050283521,,
2025-03-11,12.0,0.0,0.0,0.0,0.0,0.0,-44.22515050283521,,
2025-03-12,12.0,1.0,1.0,1.0,0.0,1.940036551254298,-42.28511395158092,,
2025-03-13,24.0,0.0,0.0,0.0,0.0,0.0,-42.28511395158092,,
2025-03-14,14.0,0.0,0.0,0.0,0.0,0.0,-42.28511395158092,,
2025-03-16,3.0,0.0,0.0,0.0,0.0,0.0,-42.28511395158092,,
2025-03-17,26.0,0.0,0.0,0.0,0.0,0.0,-42.28511395158092,,
2025-03-18,7.0,0.0,0.0,0.0,0.0,0.0,-42.28511395158092,,
2025-03-19,4.0,0.0,0.0,0.0,0.0,0.0,-42.28511395158092,,
2025-03-20,11.0,0.0,0.0,0.0,0.0,0.0,-42.28511395158092,,
2025-03-21,17.0,0.0,0.0,0.0,0.0,0.0,-42.28511395158092,,
2025-03-23,1.0,0.0,0.0,0.0,0.0,0.0,-42.28511395158092,,
2025-03-24,18.0,0.0,0.0,0.0,0.0,0.0,-42.28511395158092,,
2025-03-25,17.0,0.0,0.0,0.0,0.0,0.0,-42.28511395158092,,
2025-03-26,18.0,2.0,2.0,1.0,1.0,1.0391015969664075,-41.24601235461451,,
2025-03-27,23.0,0.0,0.0,0.0,0.0,0.0,-41.24601235461451,,
2025-03-28,7.0,0.0,0.0,0.0,0.0,0.0,-41.24601235461451,,
2025-03-30,5.0,0.0,0.0,0.0,0.0,0.0,-41.24601235461451,,
2025-03-31,20.0,0.0,0.0,0.0,0.0,0.0,-41.24601235461451,,
2025-04-01,12.0,0.0,0.0,0.0,0.0,0.0,-41.24601235461451,,
2025-04-02,12.0,2.0,2.0,0.0,2.0,-1.780222777767237,-43.02623513238174,,
2025-04-03,2.0,0.0,0.0,0.0,0.0,0.0,-43.02623513238174,,
2025-04-04,9.0,0.0,0.0,0.0,0.0,0.0,-43.02623513238174,,
2025-04-07,21.0,0.0,0.0,0.0,0.0,0.0,-43.02623513238174,,
2025-04-08,9.0,0.0,0.0,0.0,0.0,0.0,-43.02623513238174,,
2025-04-09,12.0,0.0,0.0,0.0,0.0,0.0,-43.02623513238174,,
2025-04-10,9.0,0.0,0.0,0.0,0.0,0.0,-43.02623513238174,,
2025-04-11,11.0,0.0,0.0,0.0,0.0,0.0,-43.02623513238174,,
2025-04-13,3.0,0.0,0.0,0.0,0.0,0.0,-43.02623513238174,,
2025-04-14,21.0,0.0,0.0,0.0,0.0,0.0,-43.02623513238174,,
2025-04-15,13.0,0.0,0.0,0.0,0.0,0.0,-43.02623513238174,,
2025-04-16,16.0,0.0,0.0,0.0,0.0,0.0,-43.02623513238174,,
2025-04-17,20.0,0.0,0.0,0.0,0.0,0.0,-43.02623513238174,,
2025-04-18,17.0,1.0,1.0,1.0,0.0,1.9270019986585838,-41.09923313372316,,
2025-04-20,3.0,0.0,0.0,0.0,0.0,0.0,-41.09923313372316,,
2025-04-21,11.0,0.0,0.0,0.0,0.0,0.0,-41.09923313372316,,
2025-04-22,6.0,0.0,0.0,0.0,0.0,0.0,-41.09923313372316,,
2025-04-23,20.0,0.0,0.0,0.0,0.0,0.0,-41.09923313372316,,
2025-04-24,18.0,0.0,0.0,0.0,0.0,0.0,-41.09923313372316,,
2025-04-25,13.0,0.0,0.0,0.0,0.0,0.0,-41.09923313372316,,
2025-04-27,2.0,0.0,0.0,0.0,0.0,0.0,-41.09923313372316,,
2025-04-28,14.0,0.0,0.0,0.0,0.0,0.0,-41.09923313372316,,
2025-04-29,22.0,0.0,0.0,0.0,0.0,0.0,-41.09923313372316,,
2025-04-30,20.0,0.0,0.0,0.0,0.0,0.0,-41.09923313372316,,
2025-05-01,20.0,0.0,0.0,0.0,0.0,0.0,-41.09923313372316,,
2025-05-02,6.0,0.0,0.0,0.0,0.0,0.0,-41.09923313372316,,
2025-05-04,2.0,0.0,0.0,0.0,0.0,0.0,-41.09923313372316,,
2025-05-05,9.0,0.0,0.0,0.0,0.0,0.0,-41.09923313372316,,
2025-05-06,16.0,0.0,0.0,0.0,0.0,0.0,-41.09923313372316,,
2025-05-07,19.0,0.0,0.0,0.0,0.0,0.0,-41.09923313372316,,
2025-05-08,17.0,0.0,0.0,0.0,0.0,0.0,-41.09923313372316,,
2025-05-09,14.0,0.0,0.0,0.0,0.0,0.0,-41.09923313372316,,
2025-05-11,1.0,0.0,0.0,0.0,0.0,0.0,-41.09923313372316,,
2025-05-12,22.0,0.0,0.0,0.0,0.0,0.0,-41.09923313372316,,
2025-05-13,11.0,0.0,0.0,0.0,0.0,0.0,-41.09923313372316,,
2025-05-14,22.0,0.0,0.0,0.0,0.0,0.0,-41.09923313372316,,
2025-05-15,16.0,0.0,0.0,0.0,0.0,0.0,-41.09923313372316,,
2025-05-16,7.0,0.0,0.0,0.0,0.0,0.0,-41.09923313372316,,
2025-05-19,11.0,0.0,0.0,0.0,0.0,0.0,-41.09923313372316,,
2025-05-20,11.0,0.0,0.0,0.0,0.0,0.0,-41.09923313372316,,
2025-05-21,20.0,0.0,0.0,0.0,0.0,0.0,-41.09923313372316,,
2025-05-22,13.0,0.0,0.0,0.0,0.0,0.0,-41.09923313372316,,
2025-05-23,11.0,0.0,0.0,0.0,0.0,0.0,-41.09923313372316,,
2025-05-26,12.0,1.0,1.0,0.0,1.0,-1.019202895318205,-42.11843602904136,,
2025-05-27,11.0,0.0,0.0,0.0,0.0,0.0,-42.11843602904136,,
2025-05-28,17.0,0.0,0.0,0.0,0.0,0.0,-42.11843602904136,,
2025-05-29,13.0,0.0,0.0,0.0,0.0,0.0,-42.11843602904136,,
2025-05-30,7.0,0.0,0.0,0.0,0.0,0.0,-42.11843602904136,,
2025-06-01,3.0,0.0,0.0,0.0,0.0,0.0,-42.11843602904136,,
2025-06-02,23.0,0.0,0.0,0.0,0.0,0.0,-42.11843602904136,,
2025-06-03,7.0,0.0,0.0,0.0,0.0,0.0,-42.11843602904136,,
2025-06-04,15.0,1.0,1.0,0.0,1.0,-0.9834879581611665,-43.101923987202525,,
2025-06-05,22.0,0.0,0.0,0.0,0.0,0.0,-43.101923987202525,,
2025-06-06,11.0,1.0,1.0,0.0,1.0,-0.8704934198751068,-43.97241740707763,,
2025-06-09,8.0,1.0,1.0,0.0,1.0,-1.0170143945418262,-44.98943180161945,,
2025-06-10,13.0,0.0,0.0,0.0,0.0,0.0,-44.98943180161945,,
2025-06-11,13.0,1.0,1.0,1.0,0.0,1.9974653821797081,-42.99196641943975,,
2025-06-12,17.0,0.0,0.0,0.0,0.0,0.0,-42.99196641943975,,
2025-06-13,11.0,0.0,0.0,0.0,0.0,0.0,-42.99196641943975,,
2025-06-15,3.0,0.0,0.0,0.0,0.0,0.0,-42.99196641943975,,
2025-06-16,11.0,0.0,0.0,0.0,0.0,0.0,-42.99196641943975,,
2025-06-17,12.0,0.0,0.0,0.0,0.0,0.0,-42.99196641943975,,
2025-06-18,16.0,0.0,0.0,0.0,0.0,0.0,-42.99196641943975,,
2025-06-19,12.0,0.0,0.0,0.0,0.0,0.0,-42.99196641943975,,
2025-06-20,11.0,1.0,1.0,0.0,1.0,-0.9356871158547885,-43.92765353529454,,
2025-06-22,1.0,0.0,0.0,0.0,0.0,0.0,-43.92765353529454,,
2025-06-23,12.0,0.0,0.0,0.0,0.0,0.0,-43.92765353529454,,
2025-06-24,19.0,0.0,0.0,0.0,0.0,0.0,-43.92765353529454,,
2025-06-25,14.0,0.0,0.0,0.0,0.0,0.0,-43.92765353529454,,
2025-06-26,15.0,0.0,0.0,0.0,0.0,0.0,-43.92765353529454,,
2025-06-27,20.0,0.0,0.0,0.0,0.0,0.0,-43.92765353529454,,
2025-06-30,21.0,0.0,0.0,0.0,0.0,0.0,-43.92765353529454,,
2025-07-01,10.0,0.0,0.0,0.0,0.0,0.0,-43.92765353529454,,
2025-07-02,12.0,0.0,0.0,0.0,0.0,0.0,-43.92765353529454,,
2025-07-03,3.0,1.0,1.0,0.0,1.0,-0.853559314227592,-44.78121284952213,,
2025-07-04,9.0,2.0,2.0,0.0,2.0,-1.7392699887863736,-46.5204828383085,,
2025-07-06,3.0,0.0,0.0,0.0,0.0,0.0,-46.5204828383085,,
2025-07-07,8.0,0.0,0.0,0.0,0.0,0.0,-46.5204828383085,,
2025-07-08,12.0,1.0,1.0,1.0,0.0,1.9315739043175293,-44.58890893399097,,
2025-07-09,19.0,0.0,0.0,0.0,0.0,0.0,-44.58890893399097,,
2025-07-10,8.0,1.0,1.0,0.0,1.0,-0.7212122614166371,-45.31012119540761,,
2025-07-11,24.0,0.0,0.0,0.0,0.0,0.0,-45.31012119540761,,
2025-07-13,1.0,0.0,0.0,0.0,0.0,0.0,-45.31012119540761,,
2025-07-14,18.0,2.0,2.0,0.0,2.0,-1.9117362350780094,-47.22185743048562,,
2025-07-15,12.0,2.0,2.0,0.0,2.0,-1.5797577890472867,-48.801615219532906,,
2025-07-16,13.0,2.0,2.0,1.0,1.0,0.7248844731226888,-48.07673074641022,,
2025-07-17,15.0,0.0,0.0,0.0,0.0,0.0,-48.07673074641022,,
2025-07-18,8.0,1.0,1.0,1.0,0.0,1.6094255595193727,-46.46730518689085,,
2025-07-20,6.0,0.0,0.0,0.0,0.0,0.0,-46.46730518689085,,
2025-07-21,21.0,0.0,0.0,0.0,0.0,0.0,-46.46730518689085,,
2025-07-22,20.0,0.0,0.0,0.0,0.0,0.0,-46.46730518689085,,
2025-07-23,13.0,0.0,0.0,0.0,0.0,0.0,-46.46730518689085,,
2025-07-24,23.0,0.0,0.0,0.0,0.0,0.0,-46.46730518689085,,
2025-07-25,10.0,0.0,0.0,0.0,0.0,0.0,-46.46730518689085,,
2025-07-28,4.0,0.0,0.0,0.0,0.0,0.0,-46.46730518689085,,
2025-07-29,23.0,0.0,0.0,0.0,0.0,0.0,-46.46730518689085,,
2025-07-30,11.0,0.0,0.0,0.0,0.0,0.0,-46.46730518689085,,
2025-07-31,18.0,0.0,0.0,0.0,0.0,0.0,-46.46730518689085,,
2025-08-01,12.0,0.0,0.0,0.0,0.0,0.0,-46.46730518689085,,
2025-08-04,26.0,0.0,0.0,0.0,0.0,0.0,-46.46730518689085,,
2025-08-05,15.0,0.0,0.0,0.0,0.0,0.0,-46.46730518689085,,
2025-08-06,15.0,0.0,0.0,0.0,0.0,0.0,-46.46730518689085,,
2025-08-07,9.0,0.0,0.0,0.0,0.0,0.0,-46.46730518689085,,
2025-08-08,13.0,0.0,0.0,0.0,0.0,0.0,-46.46730518689085,,
2025-08-10,3.0,0.0,0.0,0.0,0.0,0.0,-46.46730518689085,,
2025-08-11,9.0,0.0,0.0,0.0,0.0,0.0,-46.46730518689085,,
2025-08-12,15.0,0.0,0.0,0.0,0.0,0.0,-46.46730518689085,,
2025-08-13,21.0,1.0,1.0,0.0,1.0,-0.9863049028042691,-47.45361008969512,,
2025-08-14,4.0,0.0,0.0,0.0,0.0,0.0,-47.45361008969512,,
2025-08-15,11.0,0.0,0.0,0.0,0.0,0.0,-47.45361008969512,,
2025-08-18,16.0,1.0,1.0,0.0,1.0,-0.9805019145381343,-48.43411200423325,,
2025-08-19,12.0,1.0,1.0,1.0,0.0,1.8599581975631272,-46.574153806670125,,
2025-08-20,16.0,3.0,3.0,0.0,3.0,-2.8782671912770392,-49.452420997947165,,
2025-08-21,15.0,1.0,1.0,1.0,0.0,1.7525768646473592,-47.699844133299806,,
2025-08-22,10.0,3.0,3.0,0.0,3.0,-2.5703540030488354,-50.27019813634864,,
2025-08-25,11.0,2.0,2.0,0.0,2.0,-1.779925183194475,-52.05012331954311,,
2025-08-26,17.0,0.0,0.0,0.0,0.0,0.0,-52.05012331954311,,
2025-08-27,8.0,1.0,1.0,1.0,0.0,1.4482515564659957,-50.60187176307711,,
2025-08-28,14.0,3.0,3.0,1.0,2.0,0.39700661061092823,-50.20486515246618,,
2025-08-29,12.0,1.0,1.0,1.0,0.0,1.4744412621825462,-48.73042389028364,,
2025-09-01,11.0,2.0,2.0,0.0,2.0,-1.9679851753020559,-50.69840906558569,,
2025-09-02,15.0,0.0,0.0,0.0,0.0,0.0,-50.69840906558569,,
2025-09-03,20.0,2.0,2.0,1.0,1.0,0.5076437267392818,-50.19076533884641,,
2025-09-04,21.0,3.0,3.0,0.0,3.0,-2.512678753344932,-52.70344409219134,,
2025-09-05,6.0,2.0,2.0,2.0,0.0,3.1778005026688034,-49.52564358952254,,
2025-09-08,22.0,1.0,1.0,1.0,0.0,1.8985506022271001,-47.62709298729544,,
2025-09-09,11.0,0.0,0.0,0.0,0.0,0.0,-47.62709298729544,,
2025-09-10,14.0,1.0,1.0,0.0,1.0,-0.9791762876705244,-48.60626927496597,,
2025-09-11,22.0,1.0,1.0,1.0,0.0,1.750418809603582,-46.85585046536239,,
2025-09-12,12.0,2.0,2.0,0.0,2.0,-1.8241548205071285,-48.68000528586951,,
2025-09-14,3.0,0.0,0.0,0.0,0.0,0.0,-48.68000528586951,,
2025-09-15,19.0,1.0,1.0,1.0,0.0,1.408377873447719,-47.27162741242179,,
2025-09-16,11.0,0.0,0.0,0.0,0.0,0.0,-47.27162741242179,,
2025-09-17,11.0,1.0,1.0,1.0,0.0,1.9139437775173016,-45.35768363490449,,
2025-09-18,8.0,0.0,0.0,0.0,0.0,0.0,-45.35768363490449,,
2025-09-19,21.0,0.0,0.0,0.0,0.0,0.0,-45.35768363490449,,
2025-09-21,2.0,0.0,0.0,0.0,0.0,0.0,-45.35768363490449,,
2025-09-22,10.0,0.0,0.0,0.0,0.0,0.0,-45.35768363490449,,
2025-09-23,19.0,0.0,0.0,0.0,0.0,0.0,-45.35768363490449,,
2025-09-24,5.0,0.0,0.0,0.0,0.0,0.0,-45.35768363490449,,
2025-09-25,15.0,2.0,2.0,1.0,1.0,0.3864256662891029,-44.97125796861539,,
2025-09-26,8.0,2.0,2.0,0.0,2.0,-1.7045656217218317,-46.675823590337224,,
2025-09-29,16.0,2.0,2.0,0.0,2.0,-1.7823239496213004,-48.458147539958524,,
2025-09-30,14.0,1.0,1.0,0.0,1.0,-0.9785234230998973,-49.43667096305842,,
2025-10-01,15.0,0.0,0.0,0.0,0.0,0.0,-49.43667096305842,,
2025-10-02,17.0,1.0,1.0,0.0,1.0,-0.8278927343488006,-50.26456369740722,,
2025-10-03,22.0,2.0,2.0,0.0,2.0,-1.7552529222661926,-52.01981661967341,,
2025-10-06,14.0,0.0,0.0,0.0,0.0,0.0,-52.01981661967341,,
2025-10-07,19.0,0.0,0.0,0.0,0.0,0.0,-52.01981661967341,,
2025-10-08,4.0,0.0,0.0,0.0,0.0,0.0,-52.01981661967341,,
2025-10-09,12.0,0.0,0.0,0.0,0.0,0.0,-52.01981661967341,,
2025-10-10,14.0,1.0,1.0,0.0,1.0,-1.0182802418301493,-53.03809686150356,,
2025-10-12,2.0,0.0,0.0,0.0,0.0,0.0,-53.03809686150356,,
2025-10-13,14.0,0.0,0.0,0.0,0.0,0.0,-53.03809686150356,,
2025-10-14,9.0,0.0,0.0,0.0,0.0,0.0,-53.03809686150356,,
2025-10-15,18.0,0.0,0.0,0.0,0.0,0.0,-53.03809686150356,,
2025-10-16,15.0,0.0,0.0,0.0,0.0,0.0,-53.03809686150356,,
2025-10-17,5.0,0.0,0.0,0.0,0.0,0.0,-53.03809686150356,,
2025-10-19,2.0,0.0,0.0,0.0,0.0,0.0,-53.03809686150356,,
2025-10-20,23.0,0.0,0.0,0.0,0.0,0.0,-53.03809686150356,,
2025-10-21,19.0,0.0,0.0,0.0,0.0,0.0,-53.03809686150356,,
2025-10-22,13.0,0.0,0.0,0.0,0.0,0.0,-53.03809686150356,,
2025-10-23,11.0,0.0,0.0,0.0,0.0,0.0,-53.03809686150356,,
2025-10-24,17.0,1.0,1.0,1.0,0.0,1.911402860329536,-51.12669400117402,,
2025-10-26,6.0,0.0,0.0,0.0,0.0,0.0,-51.12669400117402,,
2025-10-27,21.0,0.0,0.0,0.0,0.0,0.0,-51.12669400117402,,
2025-10-28,14.0,0.0,0.0,0.0,0.0,0.0,-51.12669400117402,,
2025-10-29,11.0,2.0,2.0,0.0,2.0,-1.9655730299783511,-53.092267031152375,,
2025-10-30,17.0,0.0,0.0,0.0,0.0,0.0,-53.092267031152375,,
2025-10-31,12.0,0.0,0.0,0.0,0.0,0.0,-53.092267031152375,,
2025-11-02,2.0,0.0,0.0,0.0,0.0,0.0,-53.092267031152375,,
2025-11-03,15.0,0.0,0.0,0.0,0.0,0.0,-53.092267031152375,,
2025-11-04,11.0,0.0,0.0,0.0,0.0,0.0,-53.092267031152375,,
2025-11-05,16.0,0.0,0.0,0.0,0.0,0.0,-53.092267031152375,,
2025-11-06,14.0,1.0,1.0,1.0,0.0,1.4743349850012686,-51.617932046151104,,
2025-11-07,4.0,0.0,0.0,0.0,0.0,0.0,-51.617932046151104,,
2025-11-10,21.0,0.0,0.0,0.0,0.0,0.0,-51.617932046151104,,
2025-11-11,19.0,0.0,0.0,0.0,0.0,0.0,-51.617932046151104,,
2025-11-12,11.0,0.0,0.0,0.0,0.0,0.0,-51.617932046151104,,
2025-11-13,18.0,0.0,0.0,0.0,0.0,0.0,-51.617932046151104,,
2025-11-14,17.0,1.0,1.0,1.0,0.0,1.994758420057474,-49.62317362609363,,
2025-11-16,3.0,0.0,0.0,0.0,0.0,0.0,-49.62317362609363,,
2025-11-17,21.0,0.0,0.0,0.0,0.0,0.0,-49.62317362609363,,
2025-11-18,20.0,1.0,1.0,0.0,1.0,-0.9043487646178682,-50.527522390711496,,
2025-11-19,11.0,0.0,0.0,0.0,0.0,0.0,-50.527522390711496,,
2025-11-20,16.0,0.0,0.0,0.0,0.0,0.0,-50.527522390711496,,
2025-11-21,13.0,0.0,0.0,0.0,0.0,0.0,-50.527522390711496,,
2025-11-23,3.0,0.0,0.0,0.0,0.0,0.0,-50.527522390711496,,
2025-11-24,13.0,0.0,0.0,0.0,0.0,0.0,-50.527522390711496,,
2025-11-25,8.0,0.0,0.0,0.0,0.0,0.0,-50.527522390711496,,
2025-11-26,11.0,0.0,0.0,0.0,0.0,0.0,-50.527522390711496,,
2025-11-27,19.0,1.0,0.0,0.0,0.0,0.0,-50.527522390711496,,
2025-11-28,6.0,0.0,1.0,0.0,1.0,-0.7988599236126158,-51.326382314324114,,
2025-11-30,4.0,0.0,0.0,0.0,0.0,0.0,-51.326382314324114,,
2025-12-01,9.0,0.0,0.0,0.0,0.0,0.0,-51.326382314324114,,
2025-12-02,21.0,0.0,0.0,0.0,0.0,0.0,-51.326382314324114,,
2025-12-03,16.0,0.0,0.0,0.0,0.0,0.0,-51.326382314324114,,
2025-12-04,10.0,0.0,0.0,0.0,0.0,0.0,-51.326382314324114,,
2025-12-05,25.0,0.0,0.0,0.0,0.0,0.0,-51.326382314324114,,
2025-12-07,1.0,0.0,0.0,0.0,0.0,0.0,-51.326382314324114,,
2025-12-08,8.0,0.0,0.0,0.0,0.0,0.0,-51.326382314324114,,
2025-12-09,23.0,0.0,0.0,0.0,0.0,0.0,-51.326382314324114,,
2025-12-10,17.0,1.0,1.0,0.0,1.0,-0.8467364305901891,-52.173118744914305,,
2025-12-11,5.0,0.0,0.0,0.0,0.0,0.0,-52.173118744914305,,
2025-12-12,21.0,2.0,2.0,1.0,1.0,0.8273056867129646,-51.345813058201344,,
2025-12-14,1.0,0.0,0.0,0.0,0.0,0.0,-51.345813058201344,,
2025-12-15,14.0,2.0,2.0,1.0,1.0,0.5843616121889993,-50.761451446012344,,
2025-12-16,18.0,3.0,3.0,1.0,2.0,0.4137292351371613,-50.34772221087518,,
2025-12-17,13.0,2.0,2.0,0.0,2.0,-1.9441575614180804,-52.291879772293264,,
2025-12-18,17.0,0.0,0.0,0.0,0.0,0.0,-52.291879772293264,,
2025-12-19,29.0,2.0,2.0,0.0,2.0,-1.66361145292071,-53.955491225213976,,
2025-12-22,16.0,1.0,1.0,1.0,0.0,1.456023625318936,-52.49946759989504,,
2025-12-23,6.0,1.0,1.0,1.0,0.0,1.1652865900029228,-51.33418100989212,,
2025-12-24,8.0,1.0,1.0,0.0,1.0,-0.8333876836059683,-52.16756869349809,,
2025-12-25,5.0,0.0,0.0,0.0,0.0,0.0,-52.16756869349809,,
2025-12-26,14.0,2.0,2.0,1.0,1.0,0.7349810928074517,-51.43258760069064,,
2025-12-29,11.0,0.0,0.0,0.0,0.0,0.0,-51.43258760069064,,
2025-12-30,14.0,3.0,3.0,0.0,3.0,-2.0578097115129252,-53.49039731220356,,
2025-12-31,16.0,3.0,3.0,2.0,1.0,1.9896976495503702,-51.50069966265319,,
2026-01-02,7.0,1.0,1.0,0.0,1.0,-0.8388299929600328,-52.33952965561322,,
2026-01-04,1.0,0.0,0.0,0.0,0.0,0.0,-52.33952965561322,,
2026-01-05,14.0,3.0,3.0,0.0,3.0,-2.5227369008451457,-54.862266556458366,,
2026-01-06,12.0,1.0,1.0,0.0,1.0,-0.7663141047260512,-55.628580661184415,,
2026-01-07,19.0,3.0,2.0,1.0,1.0,0.3881304293045228,-55.24045023187989,,
2026-01-08,17.0,3.0,4.0,3.0,1.0,4.166691363869823,-51.07375886801007,,
2026-01-09,31.0,3.0,3.0,0.0,3.0,-1.8974887343758957,-52.971247602385965,,
2026-01-11,2.0,0.0,0.0,0.0,0.0,0.0,-52.971247602385965,,
2026-01-12,5.0,1.0,1.0,0.0,1.0,-1.0027055750565503,-53.97395317744252,,
2026-01-13,14.0,3.0,3.0,0.0,3.0,-1.914518067134718,-55.88847124457723,,
2026-01-14,18.0,0.0,0.0,0.0,0.0,0.0,-55.88847124457723,,
2026-01-15,19.0,0.0,0.0,0.0,0.0,0.0,-55.88847124457723,,
2026-01-16,17.0,0.0,0.0,0.0,0.0,0.0,-55.88847124457723,,
2026-01-19,15.0,1.0,1.0,0.0,1.0,-0.9481047418340437,-56.836575986411276,,
2026-01-20,16.0,0.0,0.0,0.0,0.0,0.0,-56.836575986411276,,
2026-01-21,14.0,0.0,0.0,0.0,0.0,0.0,-56.836575986411276,,
2026-01-22,11.0,0.0,0.0,0.0,0.0,0.0,-56.836575986411276,,
2026-01-23,13.0,0.0,0.0,0.0,0.0,0.0,-56.836575986411276,,
2026-01-26,17.0,0.0,0.0,0.0,0.0,0.0,-56.836575986411276,,
2026-01-27,8.0,0.0,0.0,0.0,0.0,0.0,-56.836575986411276,,
2026-01-28,8.0,0.0,0.0,0.0,0.0,0.0,-56.836575986411276,,
2026-01-29,20.0,0.0,0.0,0.0,0.0,0.0,-56.836575986411276,,
2026-01-30,14.0,0.0,0.0,0.0,0.0,0.0,-56.836575986411276,,
2026-02-02,19.0,0.0,0.0,0.0,0.0,0.0,-56.836575986411276,,
2026-02-03,14.0,0.0,0.0,0.0,0.0,0.0,-56.836575986411276,,
2026-02-04,16.0,0.0,0.0,0.0,0.0,0.0,-56.836575986411276,,
2026-02-05,15.0,0.0,0.0,0.0,0.0,0.0,-56.836575986411276,,
2026-02-06,12.0,0.0,0.0,0.0,0.0,0.0,-56.836575986411276,,
2026-02-08,2.0,0.0,0.0,0.0,0.0,0.0,-56.836575986411276,,
2026-02-09,12.0,0.0,0.0,0.0,0.0,0.0,-56.836575986411276,,
2026-02-10,17.0,0.0,0.0,0.0,0.0,0.0,-56.836575986411276,,
2026-02-11,17.0,0.0,0.0,0.0,0.0,0.0,-56.836575986411276,,
2026-02-12,18.0,0.0,0.0,0.0,0.0,0.0,-56.836575986411276,,
2026-02-13,23.0,0.0,0.0,0.0,0.0,0.0,-56.836575986411276,,
2026-02-15,3.0,0.0,0.0,0.0,0.0,0.0,-56.836575986411276,,
2026-02-16,23.0,0.0,0.0,0.0,0.0,0.0,-56.836575986411276,,
2026-02-17,6.0,0.0,0.0,0.0,0.0,0.0,-56.836575986411276,,
2026-02-18,16.0,0.0,0.0,0.0,0.0,0.0,-56.836575986411276,,
2026-02-19,18.0,0.0,0.0,0.0,0.0,0.0,-56.836575986411276,,
2026-02-20,16.0,1.0,1.0,0.0,1.0,-0.8713184790190008,-57.70789446543027,,
2026-02-23,20.0,1.0,1.0,0.0,1.0,-0.9443010005412144,-58.65219546597149,,
2026-02-24,23.0,0.0,0.0,0.0,0.0,0.0,-58.65219546597149,,
2026-02-25,6.0,0.0,0.0,0.0,0.0,0.0,-58.65219546597149,,
2026-02-26,15.0,0.0,0.0,0.0,0.0,0.0,-58.65219546597149,,
2026-02-27,13.0,2.0,2.0,1.0,1.0,1.0276768905483902,-57.624518575423096,,
2026-03-02,19.0,0.0,0.0,0.0,0.0,0.0,-57.624518575423096,,
2026-03-03,11.0,0.0,0.0,0.0,0.0,0.0,-57.624518575423096,,
2026-03-04,18.0,0.0,0.0,0.0,0.0,0.0,-57.624518575423096,,
2026-03-05,19.0,0.0,0.0,0.0,0.0,0.0,-57.624518575423096,,
2026-03-06,10.0,0.0,0.0,0.0,0.0,0.0,-57.624518575423096,,
2026-03-08,1.0,0.0,0.0,0.0,0.0,0.0,-57.624518575423096,,
2026-03-09,9.0,0.0,0.0,0.0,0.0,0.0,-57.624518575423096,,
2026-03-10,18.0,0.0,0.0,0.0,0.0,0.0,-57.624518575423096,,
2026-03-11,13.0,0.0,0.0,0.0,0.0,0.0,-57.624518575423096,,
2026-03-12,11.0,1.0,1.0,0.0,1.0,-0.9835987076931562,-58.60811728311626,,
2026-03-13,8.0,0.0,0.0,0.0,0.0,0.0,-58.60811728311626,,
2026-03-15,3.0,0.0,0.0,0.0,0.0,0.0,-58.60811728311626,,
2026-03-16,5.0,0.0,0.0,0.0,0.0,0.0,-58.60811728311626,,
2026-03-17,24.0,0.0,0.0,0.0,0.0,0.0,-58.60811728311626,,
2026-03-18,14.0,1.0,1.0,0.0,1.0,-1.0030702641330433,-59.6111875472493,,
2026-03-19,10.0,0.0,0.0,0.0,0.0,0.0,-59.6111875472493,,
2026-03-20,15.0,0.0,0.0,0.0,0.0,0.0,-59.6111875472493,,
2026-03-22,4.0,0.0,0.0,0.0,0.0,0.0,-59.6111875472493,,
2026-03-23,12.0,0.0,0.0,0.0,0.0,0.0,-59.6111875472493,,
2026-03-24,17.0,0.0,0.0,0.0,0.0,0.0,-59.6111875472493,,
2026-03-25,13.0,0.0,0.0,0.0,0.0,0.0,-59.6111875472493,,
2026-03-26,25.0,0.0,0.0,0.0,0.0,0.0,-59.6111875472493,,
2026-03-27,15.0,0.0,0.0,0.0,0.0,0.0,-59.6111875472493,,
2026-03-30,12.0,1.0,1.0,1.0,0.0,1.8586747485684894,-57.75251279868081,,
2026-03-31,18.0,1.0,1.0,0.0,1.0,-0.9509406261605234,-58.70345342484133,,
2026-04-01,22.0,0.0,0.0,0.0,0.0,0.0,-58.70345342484133,,
2026-04-02,17.0,0.0,0.0,0.0,0.0,0.0,-58.70345342484133,,
2026-04-03,8.0,1.0,1.0,0.0,1.0,-0.8235797254456666,-59.527033150287,,
2026-04-05,3.0,0.0,0.0,0.0,0.0,0.0,-59.527033150287,,
2026-04-06,11.0,1.0,1.0,1.0,0.0,1.955507274957524,-57.57152587532947,,
2026-04-07,18.0,0.0,0.0,0.0,0.0,0.0,-57.57152587532947,,
2026-04-08,7.0,0.0,0.0,0.0,0.0,0.0,-57.57152587532947,,
2026-04-09,18.0,2.0,2.0,1.0,1.0,0.9037382229037937,-56.66778765242567,,
2026-04-10,10.0,2.0,2.0,2.0,0.0,3.5609740120641216,-53.10681364036155,,
2026-04-13,20.0,2.0,2.0,1.0,1.0,1.0042873868771895,-52.10252625348436,,
2026-04-14,19.0,0.0,0.0,0.0,0.0,0.0,-52.10252625348436,,
2026-04-15,19.0,1.0,1.0,0.0,1.0,-0.7844629045234973,-52.88698915800786,,
2026-04-16,6.0,0.0,0.0,0.0,0.0,0.0,-52.88698915800786,,
2026-04-17,7.0,0.0,0.0,0.0,0.0,0.0,-52.88698915800786,,
2026-04-20,9.0,0.0,0.0,0.0,0.0,0.0,-52.88698915800786,,
2026-04-21,15.0,1.0,1.0,0.0,1.0,-0.8452062807269288,-53.732195438734784,,
2026-04-22,11.0,1.0,1.0,1.0,0.0,1.8986369529039313,-51.83355848583086,,
2026-04-23,19.0,1.0,1.0,1.0,0.0,1.5701282671856107,-50.26343021864525,,
2026-04-24,13.0,1.0,1.0,0.0,1.0,-0.6760322764458592,-50.93946249509111,,
2026-04-27,13.0,3.0,3.0,1.0,2.0,-0.41056792375848694,-51.35003041884959,,
2026-04-28,9.0,1.0,1.0,1.0,0.0,1.8596714520244804,-49.49035896682511,,
2026-04-29,21.0,3.0,3.0,0.0,3.0,-2.4549615237390294,-51.94532049056414,,
2026-04-30,10.0,0.0,0.0,0.0,0.0,0.0,-51.94532049056414,,
2026-05-01,11.0,1.0,1.0,1.0,0.0,1.5259457694940524,-50.41937472107009,,
2026-05-03,2.0,0.0,0.0,0.0,0.0,0.0,-50.41937472107009,,
2026-05-04,16.0,0.0,0.0,0.0,0.0,0.0,-50.41937472107009,,
2026-05-05,18.0,3.0,3.0,0.0,3.0,-2.700533301136065,-53.119908022206154,,
2026-05-06,12.0,1.0,1.0,1.0,0.0,1.7214619305487842,-51.39844609165737,,
2026-05-07,11.0,2.0,2.0,0.0,2.0,-1.8730483298956544,-53.27149442155302,,
2026-05-08,17.0,0.0,0.0,0.0,0.0,0.0,-53.27149442155302,,
2026-05-10,1.0,0.0,0.0,0.0,0.0,0.0,-53.27149442155302,,
2026-05-11,25.0,2.0,1.0,0.0,1.0,-0.7316782217803296,-54.00317264333336,,
2026-05-12,13.0,1.0,2.0,1.0,1.0,0.9018957457413989,-53.10127689759196,,
2026-05-13,15.0,1.0,0.0,0.0,0.0,0.0,-53.10127689759196,,
2026-05-14,17.0,1.0,2.0,1.0,1.0,0.4895161442157735,-52.61176075337619,,
2026-05-15,11.0,1.0,1.0,1.0,0.0,1.9587025530372058,-50.65305820033898,,
2026-05-17,3.0,0.0,0.0,0.0,0.0,0.0,-50.65305820033898,,
2026-05-18,11.0,1.0,1.0,0.0,1.0,-0.8274798068943489,-51.48053800723333,,
2026-05-19,11.0,1.0,1.0,1.0,0.0,1.5772306692205527,-49.90330733801277,,
2026-05-20,19.0,2.0,2.0,0.0,2.0,-1.7521987380795243,-51.655506076092294,,
2026-05-21,9.0,0.0,0.0,0.0,0.0,0.0,-51.655506076092294,,
2026-05-22,23.0,3.0,3.0,0.0,3.0,-2.44556820823627,-54.10107428432856,,
2026-05-25,24.0,2.0,1.0,0.0,1.0,-0.611165451111395,-54.71223973543995,,
2026-05-26,15.0,2.0,3.0,0.0,3.0,-2.0815800516489342,-56.79381978708888,,
2026-05-27,22.0,2.0,2.0,0.0,2.0,-1.510045621851974,-58.30386540894085,,
2026-05-28,8.0,1.0,1.0,0.0,1.0,-0.7798875904763135,-59.08375299941716,,
2026-05-29,17.0,1.0,1.0,1.0,0.0,1.6399410539988943,-57.44381194541826,,
2026-06-01,7.0,2.0,2.0,0.0,2.0,-1.375788269464717,-58.81960021488298,,
2026-06-02,15.0,3.0,3.0,0.0,3.0,-1.804373037960438,-60.62397325284341,,
2026-06-03,20.0,3.0,3.0,1.0,2.0,-0.07481043878687643,-60.6987836916303,,
2026-06-04,8.0,1.0,1.0,0.0,1.0,-0.6556342854679985,-61.354417977098294,,
2026-06-05,8.0,2.0,2.0,0.0,2.0,-1.3992417716490733,-62.75365974874737,,
2026-06-08,14.0,0.0,0.0,0.0,0.0,0.0,-62.75365974874737,,
2026-06-09,4.0,2.0,2.0,0.0,2.0,-1.6748057891362575,-64.42846553788362,,
2026-06-10,16.0,2.0,2.0,0.0,2.0,-1.6503464085959594,-66.07881194647959,,
2026-06-11,12.0,2.0,2.0,1.0,1.0,0.6965691904896597,-65.38224275598994,,
2026-06-12,21.0,2.0,2.0,1.0,1.0,1.0520408895788869,-64.33020186641104,,
2026-06-14,1.0,0.0,0.0,0.0,0.0,0.0,-64.33020186641104,,
2026-06-15,19.0,1.0,1.0,0.0,1.0,-0.9246614244531325,-65.25486329086418,,
2026-06-16,14.0,2.0,2.0,1.0,1.0,0.4639419942122912,-64.79092129665189,,
2026-06-17,12.0,1.0,1.0,0.0,1.0,-0.5782208028599632,-65.36914209951185,,
2026-06-18,22.0,0.0,0.0,0.0,0.0,0.0,-65.36914209951185,,
2026-06-19,7.0,0.0,0.0,0.0,0.0,0.0,-65.36914209951185,,
2026-06-21,1.0,0.0,0.0,0.0,0.0,0.0,-65.36914209951185,,
2026-06-22,24.0,2.0,2.0,1.0,1.0,1.001498460014183,-64.36764363949766,,
2026-06-23,19.0,0.0,0.0,0.0,0.0,0.0,-64.36764363949766,,
2026-06-24,14.0,1.0,1.0,0.0,1.0,-0.8339989119576784,-65.20164255145534,,
2026-06-25,18.0,1.0,1.0,1.0,0.0,1.8143305015634323,-63.387312049891904,,
2026-06-26,3.0,0.0,0.0,0.0,0.0,0.0,-63.387312049891904,,
2026-06-29,26.0,1.0,1.0,1.0,0.0,1.712922115141957,-61.674389934749954,,
2026-06-30,14.0,2.0,2.0,0.0,2.0,-1.8220905180836853,-63.49648045283364,,
2026-07-01,12.0,1.0,1.0,1.0,0.0,1.588658167447132,-61.9078222853865,,
2026-07-02,10.0,0.0,0.0,0.0,0.0,0.0,-61.9078222853865,,
2026-07-03,7.0,1.0,1.0,0.0,1.0,-0.859328864218245,-62.76715114960474,,
2026-07-05,2.0,0.0,0.0,0.0,0.0,0.0,-62.76715114960474,,
2026-07-06,11.0,2.0,2.0,0.0,2.0,-1.6678999310000273,-64.43505108060477,,
2026-07-07,13.0,1.0,1.0,0.0,1.0,-0.7548199313962555,-65.18987101200102,,
2026-07-08,16.0,0.0,0.0,0.0,0.0,0.0,-65.18987101200102,,
2026-07-09,19.0,3.0,3.0,0.0,3.0,-2.4592819376856307,-67.64915294968665,,
2026-07-10,4.0,1.0,1.0,0.0,1.0,-0.8265558989262177,-68.47570884861287,,
2026-07-13,12.0,0.0,0.0,0.0,0.0,0.0,-68.47570884861287,,
2026-07-14,10.0,2.0,2.0,0.0,2.0,-1.4155627026048998,-69.89127155121777,,
2026-07-15,3.0,1.0,1.0,1.0,0.0,1.700863567070776,-68.190407984147,,
2026-07-16,16.0,3.0,3.0,0.0,3.0,-1.9622839680466515,-70.15269195219365,,
2026-07-17,9.0,1.0,1.0,1.0,0.0,1.319339350879689,-68.83335260131396,,
2026-07-20,22.0,3.0,3.0,0.0,3.0,-1.7023060927925378,-70.5356586941065,,
2026-07-21,15.0,2.0,1.0,1.0,0.0,1.219937466984122,-69.31572122712238,,
2026-07-22,16.0,2.0,3.0,0.0,3.0,-2.142215157711735,-71.45793638483411,,
2026-07-23,9.0,1.0,1.0,0.0,1.0,-0.5959242970261512,-72.05386068186026,,
2026-07-24,15.0,3.0,2.0,0.0,2.0,-1.4929602697841824,-73.54682095164443,,
2026-07-26,0.0,0.0,1.0,0.0,1.0,-0.9399999999997187,-74.48682095164415,,
2026-07-27,12.0,2.0,2.0,0.0,2.0,-1.5482420126278205,-76.03506296427197,,
2026-07-28,17.0,2.0,2.0,1.0,1.0,0.4535520257313851,-75.58151093854059,,
2026-07-29,16.0,2.0,2.0,0.0,2.0,-1.36209095938411,-76.9436018979247,,
2026-07-30,10.0,1.0,1.0,1.0,0.0,1.9214584245996755,-75.02214347332502,,
2026-07-31,8.0,1.0,1.0,0.0,1.0,-0.8607134402387472,-75.88285691356376,,
2026-08-02,1.0,0.0,0.0,0.0,0.0,0.0,-75.88285691356376,,
2026-08-03,17.0,2.0,2.0,0.0,2.0,-1.7203915503465337,-77.60324846391029,,
2026-08-04,22.0,3.0,3.0,1.0,2.0,-0.23430314403949382,-77.83755160794979,,
2026-08-05,31.0,2.0,1.0,1.0,0.0,1.5875164609657764,-76.25003514698402,,
2026-08-06,16.0,2.0,3.0,0.0,3.0,-2.2967341252877467,-78.54676927227176,,
2026-08-07,14.0,0.0,0.0,0.0,0.0,0.0,-78.54676927227176,,
2026-08-09,1.0,0.0,0.0,0.0,0.0,0.0,-78.54676927227176,,
2026-08-10,14.0,0.0,0.0,0.0,0.0,0.0,-78.54676927227176,,
2026-08-11,23.0,0.0,0.0,0.0,0.0,0.0,-78.54676927227176,,
2026-08-12,9.0,0.0,0.0,0.0,0.0,0.0,-78.54676927227176,,
2026-08-13,14.0,1.0,0.0,0.0,0.0,0.0,-78.54676927227176,,
2026-08-14,2.0,0.0,1.0,0.0,1.0,-0.8752107702338917,-79.42198004250565,,
2026-08-16,2.0,0.0,0.0,0.0,0.0,0.0,-79.42198004250565,,
2026-08-17,10.0,3.0,3.0,0.0,3.0,-2.3692432113149304,-81.79122325382058,,
2026-08-18,27.0,0.0,0.0,0.0,0.0,0.0,-81.79122325382058,,
2026-08-19,7.0,1.0,1.0,1.0,0.0,1.3975306939102425,-80.39369255991033,,
2026-08-20,17.0,0.0,0.0,0.0,0.0,0.0,-80.39369255991033,,
2026-08-21,13.0,1.0,1.0,0.0,1.0,-0.8450710400329519,-81.23876359994328,,
2026-08-23,1.0,0.0,0.0,0.0,0.0,0.0,-81.23876359994328,,
2026-08-24,25.0,1.0,0.0,0.0,0.0,0.0,-81.23876359994328,,
2026-08-25,16.0,0.0,1.0,0.0,1.0,-0.8657141397512279,-82.10447773969452,,
2026-08-26,15.0,1.0,0.0,0.0,0.0,0.0,-82.10447773969452,,
2026-08-27,16.0,1.0,2.0,1.0,1.0,0.5572113842950975,-81.54726635539942,,
2026-08-28,19.0,0.0,0.0,0.0,0.0,0.0,-81.54726635539942,,
2026-08-31,11.0,0.0,0.0,0.0,0.0,0.0,-81.54726635539942,,
2026-09-01,23.0,2.0,1.0,0.0,1.0,-0.7018921475194783,-82.24915850291889,,
2026-09-02,13.0,1.0,2.0,1.0,1.0,0.8221935841203897,-81.4269649187985,,
2026-09-03,14.0,0.0,0.0,0.0,0.0,0.0,-81.4269649187985,,
2026-09-04,17.0,0.0,0.0,0.0,0.0,0.0,-81.4269649187985,,
2026-09-06,3.0,0.0,0.0,0.0,0.0,0.0,-81.4269649187985,,
2026-09-07,15.0,1.0,0.0,0.0,0.0,0.0,-81.4269649187985,,
2026-09-08,20.0,1.0,1.0,0.0,1.0,-0.7107840459370517,-82.13774896473555,,
2026-09-09,13.0,1.0,2.0,2.0,0.0,2.7829619175456783,-79.35478704718987,,
2026-09-10,20.0,0.0,0.0,0.0,0.0,0.0,-79.35478704718987,,
2026-09-11,14.0,1.0,0.0,0.0,0.0,0.0,-79.35478704718987,,
2026-09-13,3.0,0.0,0.0,0.0,0.0,0.0,-79.35478704718987,,
2026-09-14,11.0,1.0,2.0,1.0,1.0,1.0461926834106627,-78.3085943637792,,
2026-09-15,18.0,0.0,0.0,0.0,0.0,0.0,-78.3085943637792,,
2026-09-16,16.0,2.0,2.0,0.0,2.0,-1.4991300234383773,-79.80772438721759,,
2026-09-17,13.0,1.0,1.0,0.0,1.0,-0.7297795652956295,-80.53750395251322,,
2026-09-18,8.0,3.0,3.0,1.0,2.0,-0.2104812434031711,-80.74798519591639,,
2026-09-20,4.0,0.0,0.0,0.0,0.0,0.0,-80.74798519591639,,
2026-09-21,13.0,0.0,0.0,0.0,0.0,0.0,-80.74798519591639,,
2026-09-22,14.0,1.0,1.0,1.0,0.0,1.7912294527213655,-78.95675574319502,,
2026-09-23,11.0,1.0,1.0,1.0,0.0,1.5149565679775099,-77.44179917521751,,
2026-09-24,23.0,2.0,2.0,1.0,1.0,0.7994078570501272,-76.64239131816738,,
2026-09-25,12.0,1.0,1.0,0.0,1.0,-0.9307493747694461,-77.57314069293683,,
2026-09-28,16.0,2.0,2.0,1.0,1.0,0.6122284755929462,-76.96091221734389,,
2026-09-29,15.0,2.0,2.0,1.0,1.0,0.8687584325948182,-76.09215378474907,,
2026-09-30,15.0,1.0,1.0,0.0,1.0,-0.8877450693705046,-76.97989885411958,,
2026-10-01,16.0,0.0,0.0,0.0,0.0,0.0,-76.97989885411958,,
2026-10-02,10.0,1.0,1.0,1.0,0.0,1.9252998056420443,-75.05459904847754,,
