start,trades,killed_at,days_to_kill,first_30_alert,final_equity,complete_3m,killed_3m,hit30_3m,equity_3m,complete_6m,killed_6m,hit30_6m,equity_6m,complete_12m,killed_12m,hit30_12m,equity_12m
2023-10-10 03:15:00,59,2023-12-08 08:00:00,59.0,,5.956938665419234,True,True,False,5.956938665419234,True,True,False,5.956938665419234,True,True,False,5.956938665419234
2023-11-01 00:00:00,26,2023-11-21 07:45:00,20.0,,5.745275924086792,True,True,False,5.745275924086792,True,True,False,5.745275924086792,True,True,False,5.745275924086792
2023-12-01 00:00:00,14,2023-12-13 07:45:00,12.0,,5.781349269706517,True,True,False,5.781349269706517,True,True,False,5.781349269706517,True,True,False,5.781349269706517
2024-01-01 22:00:00,8,2024-01-10 08:00:00,8.0,,5.567343605117561,True,True,False,5.567343605117561,True,True,False,5.567343605117561,True,True,False,5.567343605117561
2024-02-01 00:00:00,19,2024-03-12 11:45:00,40.0,,5.296092610632233,True,True,False,5.296092610632233,True,True,False,5.296092610632233,True,True,False,5.296092610632233
2024-03-01 00:00:00,10,2024-03-12 11:30:00,11.0,,5.590305484631122,True,True,False,5.590305484631122,True,True,False,5.590305484631122,True,True,False,5.590305484631122
2024-04-01 00:00:00,127,2024-08-07 12:30:00,128.0,,5.917402329371978,True,False,False,8.719591406280967,True,True,False,5.917402329371978,True,True,False,5.917402329371978
2024-05-01 00:00:00,29,2024-05-21 12:00:00,20.0,,5.857477983574713,True,True,False,5.857477983574713,True,True,False,5.857477983574713,True,True,False,5.857477983574713
2024-06-02 21:00:00,62,2024-08-08 08:15:00,66.0,,5.921045304648089,True,True,False,5.921045304648089,True,True,False,5.921045304648089,True,True,False,5.921045304648089
2024-07-01 00:00:00,44,2024-08-08 09:15:00,38.0,,5.861505725062823,True,True,False,5.861505725062823,True,True,False,5.861505725062823,True,True,False,5.861505725062823
2024-08-01 00:00:00,5,2024-08-08 09:15:00,7.0,,5.944173862610027,True,True,False,5.944173862610027,True,True,False,5.944173862610027,True,True,False,5.944173862610027
2024-09-01 21:00:00,77,2025-02-20 07:15:00,171.0,,5.942342521318302,True,False,False,9.009735199767768,True,True,False,5.942342521318302,True,True,False,5.942342521318302
2024-10-01 00:00:00,53,2025-02-21 07:45:00,143.0,,5.4962790350372295,True,False,False,12.88484708943093,True,True,False,5.4962790350372295,True,True,False,5.4962790350372295
2024-11-01 00:00:00,43,2025-02-20 13:00:00,111.0,,5.945076693845353,True,False,False,15.40951846457327,True,True,False,5.945076693845353,True,True,False,5.945076693845353
2024-12-01 22:00:00,34,2025-02-20 13:00:00,80.0,,5.053670518440958,True,True,False,5.053670518440958,True,True,False,5.053670518440958,True,True,False,5.053670518440958
2025-01-01 22:00:00,19,2025-02-19 15:30:00,48.0,,5.946322657249583,True,True,False,5.946322657249583,True,True,False,5.946322657249583,True,True,False,5.946322657249583
2025-02-02 22:00:00,9,2025-02-17 16:00:00,14.0,,5.945304776477691,True,True,False,5.945304776477691,True,True,False,5.945304776477691,True,True,False,5.945304776477691
2025-03-02 22:00:00,24,2025-07-16 07:45:00,135.0,,5.675529453073915,True,False,False,12.77870864356533,True,True,False,5.675529453073915,True,True,False,5.675529453073915
2025-04-01 00:00:00,11,2025-07-04 13:30:00,94.0,,5.578740990150424,True,False,False,7.318358819319961,True,True,False,5.578740990150424,True,True,False,5.578740990150424
2025-05-01 00:00:00,8,2025-07-04 13:30:00,64.0,,5.431961769259077,True,True,False,5.431961769259077,True,True,False,5.431961769259077,True,True,False,5.431961769259077
2025-06-01 21:00:00,8,2025-07-04 16:30:00,32.0,,5.841164664577505,True,True,False,5.841164664577505,True,True,False,5.841164664577505,True,True,False,5.841164664577505
2025-07-01 00:00:00,9,2025-07-15 09:45:00,14.0,,5.628285380587563,True,True,False,5.628285380587563,True,True,False,5.628285380587563,True,True,False,5.628285380587563
2025-08-01 00:00:00,11,2025-08-25 12:00:00,24.0,,5.309334392641798,True,True,False,5.309334392641798,True,True,False,5.309334392641798,True,True,False,5.309334392641798
2025-09-01 00:00:00,8,2025-09-05 07:15:00,4.0,,5.8869797980924865,True,True,False,5.8869797980924865,True,True,False,5.8869797980924865,True,True,False,5.8869797980924865
2025-10-01 00:00:00,5,2025-10-24 09:30:00,23.0,,5.8885741015550686,True,True,False,5.8885741015550686,True,True,False,5.8885741015550686,True,True,False,5.8885741015550686
2025-11-02 22:00:00,47,2026-02-20 10:30:00,109.0,,5.3843725657220975,True,False,False,6.2556910447410985,True,True,False,5.3843725657220975,False,True,False,5.3843725657220975
2025-12-01 00:00:00,28,2026-01-06 08:15:00,36.0,,5.734115757866078,True,True,False,5.734115757866078,True,True,False,5.734115757866078,False,True,False,5.734115757866078
2026-01-01 22:00:00,5,2026-01-06 08:15:00,4.0,,5.908433106195146,True,True,False,5.908433106195146,True,True,False,5.908433106195146,False,True,False,5.908433106195146
2026-02-01 22:00:00,62,2026-06-03 10:00:00,121.0,,5.47062777583095,True,False,False,16.417201265341177,True,True,False,5.47062777583095,False,True,False,5.47062777583095
2026-03-01 22:00:00,59,2026-06-03 11:00:00,93.0,,5.898570364842861,True,False,False,8.804918360540084,True,True,False,5.898570364842861,False,True,False,5.898570364842861
2026-04-01 00:00:00,59,2026-06-05 12:15:00,65.0,,5.949793676093925,True,True,False,5.949793676093925,True,True,False,5.949793676093925,False,True,False,5.949793676093925
2026-05-01 00:00:00,23,2026-05-26 13:00:00,25.0,,5.965520649198632,True,True,False,5.965520649198632,False,True,False,5.965520649198632,False,True,False,5.965520649198632
2026-06-01 00:00:00,7,2026-06-03 11:00:00,2.0,,5.71786373483806,True,True,False,5.71786373483806,False,True,False,5.71786373483806,False,True,False,5.71786373483806
2026-07-01 00:00:00,8,2026-07-09 21:00:00,8.0,,5.847327503146973,True,True,False,5.847327503146973,False,True,False,5.847327503146973,False,True,False,5.847327503146973
2026-08-02 21:00:00,11,2026-08-17 10:30:00,14.0,,5.697039936119799,False,True,False,5.697039936119799,False,True,False,5.697039936119799,False,True,False,5.697039936119799
2026-09-01 00:00:00,25,,,,16.492667306921884,False,False,False,16.492667306921884,False,False,False,16.492667306921884,False,False,False,16.492667306921884
2026-10-01 00:00:00,1,,,,11.925299805642045,False,False,False,11.925299805642045,False,False,False,11.925299805642045,False,False,False,11.925299805642045
