entry_time_utc,exit_time_utc,direction,regime,lot,requested_price,entry_price,sl,tp,exit_price,exit_reason,spread_pips,entry_slippage_pips,exit_slippage_pips,commission_usd,risk_usd,pnl_usd,r_multiple,equity_after,real_equity_after,margin_warning,ticket
2023-10-10 07:45:00,2023-10-10 08:00:00,buy,trend,0.01,1.05675,1.05677,1.055913,1.058483,1.058483,tp,1.0,0.2,0.0,0.0,0.8565892168158616,1.7131784336317233,2.0,11.713178433631724,,False,
2023-10-10 08:15:00,2023-10-10 08:45:00,buy,trend,0.01,1.05832,1.05834,1.057344,1.060333,1.060333,tp,1.0,0.2,0.0,0.0,0.9964213144993876,1.992842628998792,2.000000000000017,13.706021062630516,,False,
2023-10-11 07:45:00,2023-10-11 07:45:00,buy,trend,0.01,1.06229,1.06231,1.061339,1.064251,1.061319,sl,1.0,0.2,0.2,0.0,0.970573508723259,-0.9905735087232247,-1.0206063732630357,12.71544755390729,,False,
2023-10-13 07:00:00,2023-10-13 07:00:00,sell,trend,0.01,1.05362,1.0536,1.054275,1.05225,1.054295,sl,1.0,0.2,0.2,0.0,0.6748355874202561,-0.6948355874201172,-1.029636848400833,12.020611966487174,,False,
2023-10-13 09:30:00,2023-10-13 10:15:00,sell,trend,0.01,1.05441,1.05439,1.055302,1.052566,1.052566,tp,1.0,0.2,0.0,0.0,0.9119444425828087,1.823888885165603,1.9999999999999842,13.844500851652777,,False,
2023-10-16 08:15:00,2023-10-16 08:15:00,sell,trend,0.01,1.05269,1.05267,1.053565,1.050879,1.053585,sl,1.0,0.2,0.2,0.0,0.8954649930072346,-0.9154649930072088,-1.0223347647938847,12.929035858645568,,False,
2023-10-16 10:15:00,2023-10-16 11:30:00,sell,trend,0.01,1.05289,1.05287,1.053775,1.05106,1.053795,sl,1.0,0.2,0.2,0.0,0.9049945893629524,-0.924994589362793,-1.0220995796382817,12.004041269282775,,False,
2023-10-17 07:30:00,2023-10-17 08:00:00,buy,trend,0.01,1.05497,1.05499,1.05425,1.05647,1.05423,sl,1.0,0.2,0.2,0.0,0.7398172248916027,-0.7598172248914902,-1.0270337041731055,11.244224044391284,,False,
2023-10-17 09:15:00,2023-10-17 11:00:00,buy,trend,0.01,1.05453,1.05455,1.053676,1.056297,1.056297,tp,1.0,0.2,0.0,0.0,0.8737480481438574,1.7474960962877704,2.0000000000000635,12.991720140679055,,False,
2023-10-18 07:15:00,2023-10-18 07:15:00,buy,trend,0.01,1.05827,1.05829,1.057498,1.059874,1.057478,sl,1.0,0.2,0.2,0.0,0.7917500015291276,-0.811750001528999,-1.0252604988459046,12.179970139150056,,False,
2023-10-18 08:00:00,2023-10-18 09:45:00,buy,trend,0.01,1.05797,1.05799,1.057107,1.059756,1.057087,sl,1.0,0.2,0.2,0.0,0.8831905077840847,-0.9031905077840906,-1.0226451709158262,11.276779631365965,,False,
2023-10-20 08:15:00,2023-10-20 08:30:00,buy,trend,0.01,1.05765,1.05767,1.056948,1.059114,1.059114,tp,1.0,0.2,0.0,0.0,0.7218864954862916,1.4437729909726469,2.0000000000000884,12.720552622338612,,False,
2023-10-23 07:45:00,2023-10-23 08:00:00,buy,trend,0.01,1.0589,1.05892,1.058166,1.060429,1.060429,tp,1.0,0.2,0.0,0.0,0.7543320119977207,1.5086640239954094,1.9999999999999576,14.229216646334022,,False,
2023-10-24 07:15:00,2023-10-24 07:15:00,buy,trend,0.01,1.06892,1.06894,1.06819,1.070441,1.06817,sl,1.0,0.2,0.2,0.0,0.7503832331269423,-0.7703832331269477,-1.0266530475589957,13.458833413207074,,False,
2023-10-26 08:30:00,2023-10-26 12:30:00,sell,trend,0.01,1.05449,1.05447,1.055316,1.052779,1.052779,tp,1.0,0.2,0.0,0.0,0.8455876552636279,1.691175310527315,2.00000000000007,15.15000872373439,,False,
2023-10-27 07:45:00,2023-10-27 08:30:00,sell,trend,0.01,1.05544,1.05542,1.056146,1.053968,1.056166,sl,1.0,0.2,0.2,0.0,0.7260582623967423,-0.7460582623965982,-1.0275459987657674,14.403950461337791,,False,
2023-10-27 11:15:00,2023-10-27 12:45:00,sell,trend,0.01,1.05479,1.05477,1.055638,1.053034,1.055658,sl,1.0,0.2,0.2,0.0,0.8678063861880608,-0.8878063861879059,-1.0230466153720041,13.516144075149885,,False,
2023-11-01 12:00:00,2023-11-01 13:00:00,sell,trend,0.01,1.05385,1.05383,1.054782,1.051927,1.054802,sl,1.0,0.2,0.2,0.0,0.9515739027870292,-0.971573902786904,-1.0210178105360999,12.544570172362981,,False,
2023-11-02 07:45:00,2023-11-02 09:00:00,buy,trend,0.01,1.06073,1.06075,1.05983,1.06259,1.06259,tp,1.0,0.2,0.0,0.0,0.9201279423095869,1.8402558846191128,1.9999999999999336,14.384826056982094,,False,
2023-11-03 07:15:00,2023-11-03 07:15:00,buy,trend,0.01,1.06309,1.06311,1.062505,1.06432,1.062485,sl,1.0,0.2,0.2,0.0,0.6049507371223133,-0.6249507371223205,-1.0330605432355453,13.759875319859773,,False,
2023-11-03 08:15:00,2023-11-03 10:15:00,buy,trend,0.01,1.06342,1.06344,1.062702,1.064916,1.064916,tp,1.0,0.2,0.0,0.0,0.7381602197768931,1.476320439553813,2.0000000000000364,15.236195759413587,,False,
2023-11-06 08:30:00,2023-11-06 12:45:00,buy,trend,0.01,1.0749,1.07492,1.074085,1.07659,1.074065,sl,1.0,0.2,0.2,0.0,0.8349040037907505,-0.854904003790624,-1.023954849789996,14.381291755622962,,False,
2023-11-08 12:15:00,2023-11-08 14:15:00,sell,trend,0.01,1.06704,1.06702,1.067842,1.065376,1.067862,sl,1.0,0.2,0.2,0.0,0.8219277405930453,-0.8419277405928848,-1.024333039283245,13.539364015030078,,False,
2023-11-09 07:45:00,2023-11-09 07:45:00,buy,trend,0.01,1.07083,1.07085,1.070345,1.07186,1.070325,sl,1.0,0.2,0.2,0.0,0.5049057591969593,-0.5249057591969474,-1.0396113524864472,13.01445825583313,,False,
2023-11-09 13:45:00,2023-11-09 14:45:00,buy,trend,0.01,1.07042,1.07044,1.069464,1.072393,1.072393,tp,1.0,0.2,0.0,0.0,0.9764471639937837,1.9528943279876196,2.0000000000000533,14.96735258382075,,False,
2023-11-10 07:00:00,2023-11-10 07:45:00,sell,trend,0.01,1.06654,1.06652,1.067015,1.06553,1.067035,sl,1.0,0.2,0.2,0.0,0.4952150308029339,-0.5152150308027624,-1.0403864962810214,14.452137553017987,,False,
2023-11-10 08:00:00,2023-11-10 08:00:00,sell,trend,0.01,1.0663,1.06628,1.066982,1.064876,1.067002,sl,1.0,0.2,0.2,0.0,0.7017870547366125,-0.7217870547364668,-1.0284986733010635,13.73035049828152,,False,
2023-11-10 09:30:00,2023-11-10 09:45:00,sell,trend,0.01,1.06677,1.06675,1.067592,1.065067,1.067612,sl,1.0,0.2,0.2,0.0,0.8416031329003677,-0.8616031329002903,-1.023764170091665,12.86874736538123,,False,
2023-11-13 08:30:00,2023-11-13 08:30:00,buy,trend,0.01,1.06939,1.06941,1.068814,1.070602,1.068794,sl,1.0,0.2,0.2,0.0,0.59575538907026,-0.615755389070216,-1.0335708251521956,12.252991976311014,,False,
2023-11-13 09:00:00,2023-11-13 09:15:00,buy,trend,0.01,1.06924,1.06926,1.068653,1.070474,1.068633,sl,1.0,0.2,0.2,0.0,0.6069778609840484,-0.6269778609839792,-1.0329501309446547,11.626014115327035,,False,
2023-11-13 09:30:00,2023-11-13 09:45:00,buy,trend,0.01,1.06987,1.06989,1.069153,1.071364,1.069133,sl,1.0,0.2,0.2,0.0,0.7369605025831818,-0.7569605025830038,-1.027138496472631,10.86905361274403,,False,
2023-11-14 07:00:00,2023-11-14 07:30:00,buy,trend,0.01,1.07,1.07002,1.06965,1.070761,1.070761,tp,1.0,0.2,0.0,0.0,0.37040315523367573,0.7408063104672457,1.9999999999997145,11.609859923211276,,False,
2023-11-14 08:45:00,2023-11-14 08:45:00,buy,trend,0.01,1.07037,1.07039,1.069807,1.071556,1.069787,sl,1.0,0.2,0.2,0.0,0.5832215420239768,-0.6032215420239683,-1.0342922861363877,11.006638381187308,,False,
2023-11-14 09:15:00,2023-11-14 10:00:00,buy,trend,0.01,1.07066,1.07068,1.070011,1.072019,1.072019,tp,1.0,0.2,0.0,0.0,0.6693338806226955,1.338667761245471,2.0000000000001195,12.34530614243278,,False,
2023-11-15 11:30:00,2023-11-15 13:30:00,buy,trend,0.01,1.08633,1.08635,1.085408,1.088234,1.085388,sl,1.0,0.2,0.2,0.0,0.941852689665527,-0.9618526896655321,-1.0212347432028968,11.383453452767247,,False,
2023-11-16 07:45:00,2023-11-16 08:45:00,buy,trend,0.01,1.08424,1.08426,1.083658,1.085464,1.085464,tp,1.0,0.2,0.0,0.0,0.6022468128773427,1.2044936257546988,2.000000000000022,12.587947078521946,,False,
2023-11-16 11:15:00,2023-11-16 12:15:00,buy,trend,0.01,1.08503,1.08505,1.084261,1.086628,1.084241,sl,1.0,0.2,0.2,0.0,0.7892201988335306,-0.809220198833449,-1.0253414700098635,11.778726879688497,,False,
2023-11-16 13:30:00,2023-11-16 13:30:00,buy,trend,0.01,1.08491,1.08493,1.083983,1.086824,1.086824,tp,1.0,0.2,0.0,0.0,0.9467523540521413,1.893504708104343,2.000000000000064,13.67223158779284,,False,
2023-11-17 09:15:00,2023-11-17 09:15:00,buy,trend,0.01,1.08572,1.08574,1.084795,1.087631,1.084775,sl,1.0,0.2,0.2,0.0,0.9453399312531953,-0.9653399312530285,-1.0211564108725633,12.706891656539812,,False,
2023-11-20 08:15:00,2023-11-20 08:15:00,buy,trend,0.01,1.09284,1.09286,1.092044,1.094492,1.092024,sl,1.0,0.2,0.2,0.0,0.8159965140218698,-0.835996514021886,-1.024509908628703,11.870895142517925,,False,
2023-11-20 09:15:00,2023-11-20 12:00:00,buy,trend,0.01,1.09301,1.09303,1.092068,1.094953,1.092048,sl,1.0,0.2,0.2,0.0,0.9616960755148689,-0.9816960755146819,-1.0207965910530574,10.889199067003243,,False,
2023-11-20 12:45:00,2023-11-20 14:00:00,buy,trend,0.01,1.09302,1.09304,1.092151,1.094819,1.092131,sl,1.0,0.2,0.2,0.0,0.8893193501459032,-0.9093193501457096,-1.0224891092232786,9.979879716857534,,False,
2023-11-21 07:00:00,2023-11-21 07:45:00,buy,trend,0.01,1.09594,1.09596,1.095262,1.097357,1.095242,sl,1.0,0.2,0.2,0.0,0.6984597176208832,-0.7184597176208561,-1.0286344358814243,9.261419999236677,,False,
2023-11-21 08:30:00,2023-11-21 08:30:00,buy,trend,0.01,1.09587,1.09589,1.09507,1.09753,1.09505,sl,1.0,0.2,0.2,0.0,0.8199995711754602,-0.8399995711754203,-1.0243902566574399,8.421420428061257,,False,
2023-11-21 12:30:00,2023-11-21 13:45:00,buy,trend,0.01,1.09497,1.09499,1.09414,1.096689,1.09412,sl,1.0,0.2,0.2,0.0,0.8496869201970075,-0.8696869201969547,-1.023538081526911,7.551733507864302,,False,
2023-11-24 07:30:00,2023-11-24 07:30:00,sell,trend,0.01,1.09037,1.09035,1.090804,1.089443,1.090824,sl,1.0,0.2,0.2,0.0,0.45354425255712827,-0.4735442525569677,-1.044097130295616,7.0781892553073344,,False,
2023-11-24 08:45:00,2023-11-24 09:30:00,buy,trend,0.01,1.09154,1.09156,1.090923,1.092833,1.090903,sl,1.0,0.2,0.2,0.0,0.6366481900485933,-0.6566481900485143,-1.031414524242022,6.42154106525882,,False,
2023-11-24 10:15:00,2023-11-24 12:15:00,buy,trend,0.01,1.09091,1.09093,1.090107,1.092576,1.092576,tp,1.0,0.2,0.0,0.0,0.8228402950142257,1.645680590028453,2.0000000000000018,8.067221655287273,,False,
2023-11-27 09:15:00,2023-11-27 14:00:00,buy,trend,0.01,1.09492,1.09494,1.09408,1.09666,1.09406,sl,1.0,0.2,0.2,0.0,0.8597575747146795,-0.8797575747145902,-1.0232623713801507,7.187464080572683,,False,
2023-11-28 09:00:00,2023-11-28 13:15:00,buy,trend,0.01,1.09485,1.09487,1.09417,1.096269,1.096269,tp,1.0,0.2,0.0,0.0,0.6997177914417928,1.39943558288369,2.000000000000149,8.586899663456373,,False,
2023-11-29 13:30:00,2023-11-29 13:30:00,buy,trend,0.01,1.09854,1.09856,1.097578,1.100523,1.097558,sl,1.0,0.2,0.2,0.0,0.9816519775626407,-1.001651977562634,-1.0203738192935257,7.585247685893739,,False,
2023-12-01 08:00:00,2023-12-01 08:15:00,sell,trend,0.01,1.08949,1.08947,1.090255,1.087901,1.090275,sl,1.0,0.2,0.2,0.0,0.7847230029012662,-0.8047230029011309,-1.025486700308161,6.780524682992608,,False,
2023-12-01 10:30:00,2023-12-01 12:45:00,sell,trend,0.01,1.0899,1.08988,1.090879,1.087883,1.087883,tp,1.0,0.2,0.0,0.0,0.9985312936342844,1.9970625872685053,1.9999999999999365,8.777587270261114,,False,
2023-12-04 07:00:00,2023-12-04 07:45:00,sell,trend,0.01,1.08687,1.08685,1.087593,1.085364,1.085364,tp,1.0,0.2,0.0,0.0,0.7427767318937695,1.4855534637876475,2.000000000000146,10.263140734048761,,False,
2023-12-04 08:45:00,2023-12-04 09:15:00,sell,trend,0.01,1.08668,1.08666,1.08764,1.084699,1.08766,sl,1.0,0.2,0.2,0.0,0.9803597945424315,-1.0003597945422713,-1.0204006734172268,9.26278093950649,,False,
2023-12-06 08:15:00,2023-12-06 09:00:00,sell,trend,0.01,1.07841,1.07839,1.079199,1.076772,1.079219,sl,1.0,0.2,0.2,0.0,0.8087525432373674,-0.828752543237332,-1.024729443099995,8.434028396269158,,False,
2023-12-06 10:30:00,2023-12-06 13:45:00,sell,trend,0.01,1.07894,1.07892,1.07988,1.077,1.0799,sl,1.0,0.2,0.2,0.0,0.9598597562257188,-0.9798597562256094,-1.0208363772625835,7.454168640043548,,False,
2023-12-07 10:30:00,2023-12-07 13:30:00,sell,trend,0.01,1.0771,1.07708,1.078007,1.075226,1.078027,sl,1.0,0.2,0.2,0.0,0.9272299746246289,-0.947229974624486,-1.021569621935436,6.506938665419062,,False,
2023-12-08 07:00:00,2023-12-08 08:00:00,sell,trend,0.01,1.07799,1.07797,1.078628,1.076654,1.07852,kill_switch,1.0,0.2,0.2,0.0,0.6577808698279339,-0.5499999999998283,-0.8361447181394929,5.956938665419234,,False,
